project_name,project_type,team_size,experience_level,duration_months,planned_tasks,completed_tasks,pending_tasks,requirement_changes,critical_bugs,minor_bugs,budget_used_percent,schedule_progress_percent,developer_workload,client_change_requests,testing_completion_percent,previous_delays,delay_risk
Project-1,Machine Learning,17,Mixed,22,142,79,63,6,10,10,58,22,61,4,11,3,Medium
Project-2,Mobile Application,3,Mixed,23,292,159,133,0,10,26,76,79,119,2,64,3,Medium
Project-3,Data Analytics,7,Mixed,22,206,43,163,8,11,13,43,109,92,1,93,3,Medium
Project-4,Machine Learning,9,Mixed,9,74,68,6,3,1,7,38,21,45,5,13,5,Low
Project-5,Mobile Application,14,Senior,5,254,156,98,13,7,20,114,101,92,7,35,0,Medium
Project-6,Machine Learning,15,Junior,16,104,22,82,8,7,0,42,107,102,10,90,2,Medium
Project-7,Web Application,7,Senior,10,67,59,8,7,11,1,67,67,62,7,46,2,Medium
Project-8,Data Analytics,5,Mixed,6,170,137,33,9,6,30,48,46,48,9,51,3,Medium
Project-9,Data Analytics,9,Mixed,5,261,81,180,6,12,14,77,48,75,12,41,2,High
Project-10,Machine Learning,4,Mixed,22,173,97,76,11,11,19,64,81,114,9,98,5,Medium
Project-11,Web Application,15,Senior,8,237,144,93,8,4,0,85,63,63,10,41,0,Medium
Project-12,Web Application,19,Mixed,13,152,48,104,7,0,26,36,21,93,6,10,2,Medium
Project-13,Mobile Application,14,Mixed,7,286,210,76,10,7,26,51,57,63,4,79,5,Medium
Project-14,Web Application,11,Mixed,7,298,200,98,10,3,18,101,38,59,6,61,0,Low
Project-15,Mobile Application,10,Junior,19,190,120,70,9,2,6,50,109,99,0,11,0,Medium
Project-16,Machine Learning,7,Senior,24,48,20,28,2,2,19,58,73,72,7,84,0,Low
Project-17,Machine Learning,5,Mixed,4,192,39,153,15,1,1,88,54,119,12,50,3,Medium
Project-18,Machine Learning,3,Mixed,17,174,135,39,15,0,15,110,78,61,5,60,5,Medium
Project-19,Data Analytics,4,Mixed,2,186,122,64,15,0,16,78,49,85,4,15,2,Medium
Project-20,Web Application,7,Senior,18,220,144,76,11,0,19,97,104,71,6,42,2,Medium
Project-21,Web Application,12,Senior,4,213,59,154,15,5,22,100,46,41,9,26,0,Medium
Project-22,Data Analytics,18,Mixed,11,286,153,133,1,8,23,47,79,46,8,45,4,Medium
Project-23,Web Application,10,Mixed,17,181,165,16,6,11,1,100,51,102,5,60,0,Medium
Project-24,Enterprise Software,19,Junior,7,93,58,35,4,0,7,87,79,44,6,77,5,Medium
Project-25,Machine Learning,17,Mixed,9,183,179,4,11,9,29,53,36,102,2,67,1,Medium
Project-26,Mobile Application,11,Mixed,2,97,90,7,14,1,29,82,108,40,12,73,4,Medium
Project-27,Enterprise Software,5,Junior,17,125,26,99,13,11,4,81,81,108,11,25,1,High
Project-28,Enterprise Software,9,Mixed,6,62,14,48,5,4,3,68,71,49,9,28,1,Medium
Project-29,Enterprise Software,15,Junior,17,286,273,13,11,10,19,58,31,89,2,42,0,Medium
Project-30,Data Analytics,13,Senior,4,104,100,4,9,10,11,63,32,51,1,44,0,Low
Project-31,Enterprise Software,12,Junior,3,154,65,89,3,9,20,109,48,75,8,30,4,High
Project-32,Machine Learning,12,Mixed,4,216,169,47,3,1,16,58,42,101,4,21,0,Medium
Project-33,Enterprise Software,5,Junior,18,101,60,41,8,5,12,93,38,88,3,21,4,Medium
Project-34,Data Analytics,14,Mixed,15,262,251,11,2,9,14,50,88,51,8,61,2,Low
Project-35,Machine Learning,18,Senior,14,220,131,89,6,9,4,69,106,114,1,85,0,Medium
Project-36,Mobile Application,14,Senior,7,46,24,22,7,9,8,84,46,105,4,38,4,High
Project-37,Data Analytics,10,Mixed,2,184,176,8,8,12,3,70,89,70,2,70,3,Medium
Project-38,Data Analytics,12,Senior,8,165,98,67,12,1,27,92,39,111,12,48,0,Medium
Project-39,Enterprise Software,19,Junior,2,156,151,5,11,12,12,95,66,60,5,94,2,Medium
Project-40,Enterprise Software,6,Mixed,21,86,60,26,13,0,20,88,22,55,6,66,2,Medium
Project-41,Mobile Application,18,Senior,13,195,91,104,9,11,3,42,77,99,1,37,3,Medium
Project-42,Web Application,6,Senior,23,184,77,107,4,3,12,63,32,85,2,15,1,Medium
Project-43,Enterprise Software,17,Senior,11,281,180,101,4,6,23,67,84,57,0,20,4,Medium
Project-44,Web Application,19,Senior,3,144,76,68,0,4,15,89,25,120,4,14,5,Medium
Project-45,Enterprise Software,7,Mixed,11,122,48,74,13,8,13,35,70,84,12,13,5,High
Project-46,Web Application,10,Mixed,9,78,57,21,1,5,21,37,69,51,0,63,3,Low
Project-47,Data Analytics,19,Junior,16,246,203,43,13,1,10,85,57,103,11,47,1,Medium
Project-48,Mobile Application,17,Mixed,3,288,176,112,7,11,29,85,100,44,12,13,1,Medium
Project-49,Mobile Application,19,Mixed,6,73,50,23,1,12,29,77,94,62,6,89,2,Medium
Project-50,Machine Learning,10,Mixed,4,234,143,91,15,1,28,85,38,60,4,91,3,Low
Project-51,Enterprise Software,8,Junior,10,51,18,33,1,0,13,79,46,112,9,56,0,Medium
Project-52,Data Analytics,18,Junior,5,296,79,217,2,12,19,113,66,95,5,23,1,High
Project-53,Mobile Application,15,Junior,20,46,34,12,6,10,14,52,57,54,8,37,1,Medium
Project-54,Web Application,19,Junior,13,64,58,6,3,8,3,44,86,57,3,95,1,Low
Project-55,Web Application,14,Junior,10,140,68,72,9,1,26,90,78,109,4,42,4,High
Project-56,Enterprise Software,8,Mixed,17,43,37,6,13,7,22,43,22,70,7,45,5,Medium
Project-57,Machine Learning,13,Senior,7,157,63,94,7,5,18,96,76,105,10,17,1,High
Project-58,Enterprise Software,14,Junior,23,251,152,99,0,11,14,35,109,53,5,46,5,Medium
Project-59,Machine Learning,15,Mixed,2,217,122,95,4,6,9,78,21,52,7,11,3,Medium
Project-60,Enterprise Software,11,Senior,12,77,40,37,13,0,4,96,79,89,4,84,0,Medium
Project-61,Machine Learning,5,Junior,9,99,86,13,7,10,8,48,79,69,2,94,4,Medium
Project-62,Data Analytics,16,Mixed,5,128,115,13,8,1,7,106,58,53,2,47,0,Medium
Project-63,Web Application,19,Senior,24,143,54,89,6,2,5,40,86,46,2,81,1,Low
Project-64,Enterprise Software,3,Mixed,8,196,62,134,0,12,4,61,74,72,3,95,1,Low
Project-65,Enterprise Software,12,Mixed,7,198,99,99,12,7,19,90,34,68,7,14,4,High
Project-66,Machine Learning,14,Senior,20,282,183,99,9,10,26,103,39,50,9,47,5,High
Project-67,Mobile Application,16,Mixed,14,143,86,57,8,0,14,94,62,115,11,77,4,Medium
Project-68,Mobile Application,19,Mixed,10,90,71,19,7,8,21,45,42,40,4,30,1,Medium
Project-69,Machine Learning,3,Senior,24,188,94,94,4,8,9,86,76,65,8,44,3,Medium
Project-70,Mobile Application,13,Senior,8,249,145,104,10,0,10,93,70,93,7,34,3,Medium
Project-71,Enterprise Software,3,Mixed,12,189,71,118,1,4,16,105,100,88,3,95,3,Medium
Project-72,Enterprise Software,10,Mixed,2,263,66,197,6,2,26,90,102,101,12,58,4,High
Project-73,Data Analytics,20,Mixed,20,214,133,81,5,11,16,72,70,102,3,10,4,High
Project-74,Data Analytics,12,Mixed,15,201,105,96,6,6,27,66,69,46,12,17,0,Medium
Project-75,Data Analytics,10,Junior,16,268,91,177,0,11,14,42,53,74,7,87,5,Medium
Project-76,Machine Learning,7,Junior,15,262,120,142,1,6,9,41,52,62,4,28,4,Medium
Project-77,Machine Learning,20,Senior,16,236,111,125,9,1,2,46,39,44,4,47,5,Low
Project-78,Mobile Application,14,Junior,23,120,107,13,7,10,13,115,100,53,8,49,1,Medium
Project-79,Web Application,9,Junior,23,274,147,127,9,9,28,71,94,109,1,94,1,Medium
Project-80,Web Application,8,Junior,6,192,114,78,11,6,20,120,104,66,8,40,5,High
Project-81,Mobile Application,14,Mixed,22,212,184,28,4,11,29,80,83,41,11,63,2,Low
Project-82,Data Analytics,6,Senior,22,50,24,26,0,10,6,88,74,63,5,31,4,Medium
Project-83,Mobile Application,6,Mixed,20,266,232,34,0,10,12,107,45,105,4,82,0,Low
Project-84,Web Application,13,Mixed,8,170,44,126,11,11,18,46,38,83,10,58,4,Medium
Project-85,Mobile Application,19,Junior,17,255,205,50,14,4,16,114,89,111,8,91,0,Medium
Project-86,Data Analytics,11,Senior,16,55,51,4,6,9,20,120,26,53,4,16,0,Medium
Project-87,Mobile Application,20,Mixed,21,142,32,110,14,7,2,94,64,42,4,52,1,High
Project-88,Machine Learning,9,Mixed,18,43,35,8,8,12,17,67,35,81,11,75,2,Medium
Project-89,Mobile Application,15,Mixed,4,78,16,62,12,0,28,96,76,55,7,19,5,Medium
Project-90,Machine Learning,7,Mixed,18,42,24,18,7,1,3,52,81,76,8,57,0,Medium
Project-91,Web Application,17,Mixed,5,179,172,7,4,12,4,77,89,78,7,72,5,Medium
Project-92,Enterprise Software,4,Junior,21,299,115,184,3,12,30,88,93,96,9,50,0,Medium
Project-93,Data Analytics,8,Senior,23,86,32,54,8,2,19,95,54,89,1,71,0,Medium
Project-94,Data Analytics,8,Mixed,16,128,86,42,13,4,1,45,75,106,10,38,0,Medium
Project-95,Web Application,4,Senior,10,79,74,5,10,10,1,113,57,111,10,14,1,High
Project-96,Enterprise Software,18,Mixed,6,120,29,91,12,12,18,92,86,95,7,49,2,High
Project-97,Enterprise Software,3,Senior,20,207,82,125,10,10,15,75,32,84,8,62,1,Medium
Project-98,Data Analytics,8,Junior,6,274,265,9,8,2,30,57,61,49,10,62,5,Medium
Project-99,Mobile Application,6,Mixed,14,51,10,41,15,12,13,61,36,99,7,44,5,High
Project-100,Mobile Application,11,Senior,16,261,209,52,5,3,19,102,110,103,0,21,5,Medium
Project-101,Mobile Application,3,Junior,19,231,171,60,11,3,26,86,95,46,12,20,0,Medium
Project-102,Data Analytics,13,Mixed,3,265,264,1,0,2,12,73,34,68,12,84,3,Low
Project-103,Machine Learning,13,Mixed,18,275,61,214,12,4,14,114,78,45,2,66,4,Medium
Project-104,Data Analytics,3,Mixed,7,54,43,11,2,0,24,58,31,57,11,89,2,Low
Project-105,Web Application,19,Junior,9,118,66,52,1,3,6,37,83,83,4,33,3,Medium
Project-106,Data Analytics,16,Mixed,15,275,109,166,8,5,15,94,82,41,7,81,2,Medium
Project-107,Web Application,10,Mixed,19,134,104,30,10,12,24,67,60,47,10,95,2,Medium
Project-108,Web Application,14,Senior,16,119,69,50,11,3,0,108,59,71,1,11,0,Medium
Project-109,Web Application,15,Junior,14,155,75,80,6,1,5,80,34,83,0,84,4,Medium
Project-110,Data Analytics,8,Mixed,10,262,165,97,1,11,7,106,69,101,3,71,2,Medium
Project-111,Data Analytics,18,Mixed,23,42,9,33,11,9,13,109,101,51,6,21,4,High
Project-112,Enterprise Software,16,Mixed,9,260,216,44,6,2,11,116,89,57,2,31,4,Medium
Project-113,Data Analytics,5,Junior,20,74,27,47,5,0,6,110,68,70,9,70,3,Medium
Project-114,Machine Learning,14,Senior,19,216,132,84,8,3,25,100,98,73,3,15,1,Medium
Project-115,Data Analytics,14,Mixed,19,79,68,11,0,2,25,42,106,81,11,23,5,Medium
Project-116,Enterprise Software,7,Junior,10,150,101,49,6,8,19,36,89,56,10,98,0,Medium
Project-117,Mobile Application,5,Mixed,2,203,198,5,14,10,9,101,33,119,9,19,3,High
Project-118,Web Application,3,Mixed,9,210,201,9,8,5,19,62,56,86,4,85,4,Low
Project-119,Web Application,14,Mixed,16,246,159,87,10,12,19,112,21,112,4,29,1,High
Project-120,Web Application,5,Mixed,22,98,44,54,0,2,13,46,39,92,1,97,2,Low
Project-121,Mobile Application,20,Senior,8,262,105,157,10,1,22,78,57,62,12,61,1,Medium
Project-122,Machine Learning,10,Senior,2,196,108,88,4,5,14,68,84,94,6,99,2,Low
Project-123,Mobile Application,20,Mixed,9,271,220,51,10,7,24,80,87,72,0,28,5,Medium
Project-124,Enterprise Software,11,Junior,3,231,55,176,8,0,8,82,32,112,4,86,0,Medium
Project-125,Machine Learning,4,Mixed,15,171,125,46,5,1,17,47,42,114,0,97,5,Medium
Project-126,Web Application,17,Mixed,8,182,137,45,11,12,24,67,68,74,11,99,2,Medium
Project-127,Mobile Application,4,Mixed,4,124,110,14,15,1,5,62,45,64,11,14,1,Medium
Project-128,Machine Learning,6,Mixed,17,60,21,39,6,4,27,49,44,75,10,60,3,Medium
Project-129,Enterprise Software,4,Junior,5,91,66,25,12,11,2,42,35,75,1,11,0,Medium
Project-130,Machine Learning,13,Junior,13,113,94,19,14,6,30,90,61,100,9,65,3,Medium
Project-131,Machine Learning,9,Senior,13,212,149,63,10,12,22,56,40,48,9,18,1,Medium
Project-132,Web Application,12,Senior,17,88,34,54,4,3,17,58,38,99,6,83,0,Low
Project-133,Data Analytics,6,Junior,24,281,90,191,0,2,11,67,40,120,5,57,4,High
Project-134,Data Analytics,9,Mixed,11,117,82,35,8,8,1,98,54,46,4,27,2,Medium
Project-135,Enterprise Software,9,Mixed,12,227,194,33,3,9,5,76,51,78,12,45,4,Medium
Project-136,Machine Learning,5,Mixed,2,109,52,57,3,12,16,94,21,99,4,53,2,Medium
Project-137,Mobile Application,5,Mixed,4,169,168,1,1,5,16,69,106,69,3,17,5,Low
Project-138,Mobile Application,6,Senior,16,247,130,117,13,8,22,50,31,56,11,17,3,Medium
Project-139,Enterprise Software,10,Junior,21,287,181,106,8,4,19,104,41,111,6,41,0,High
Project-140,Machine Learning,8,Junior,15,190,77,113,1,8,20,36,110,112,0,84,2,Medium
Project-141,Mobile Application,6,Senior,7,182,180,2,4,3,9,46,68,81,5,91,4,Low
Project-142,Mobile Application,16,Senior,17,46,20,26,8,4,2,100,110,41,2,91,5,Medium
Project-143,Mobile Application,12,Senior,23,203,139,64,0,5,13,86,22,80,5,34,4,Medium
Project-144,Mobile Application,10,Mixed,5,64,24,40,12,11,11,66,32,70,3,27,4,Medium
Project-145,Enterprise Software,13,Mixed,24,44,36,8,9,8,1,45,69,70,7,88,0,Medium
Project-146,Data Analytics,11,Junior,10,195,86,109,2,6,15,50,23,43,6,49,0,Medium
Project-147,Machine Learning,6,Mixed,8,217,66,151,3,12,2,41,46,53,6,95,4,Medium
Project-148,Mobile Application,8,Mixed,11,104,47,57,9,1,12,119,72,84,3,90,2,Low
Project-149,Machine Learning,13,Mixed,21,295,82,213,9,3,1,86,101,91,12,47,1,Medium
Project-150,Mobile Application,15,Junior,18,159,71,88,0,1,27,82,48,49,1,67,3,Low
Project-151,Machine Learning,13,Mixed,9,253,179,74,14,0,27,79,102,108,11,74,4,Medium
Project-152,Web Application,13,Mixed,20,191,43,148,3,4,7,92,50,50,3,24,2,Medium
Project-153,Data Analytics,13,Mixed,6,47,19,28,5,11,16,42,44,112,1,88,1,Medium
Project-154,Web Application,6,Mixed,15,144,102,42,9,6,29,44,40,75,11,100,1,Medium
Project-155,Enterprise Software,18,Senior,3,50,11,39,0,7,17,89,92,64,7,68,5,Medium
Project-156,Mobile Application,20,Senior,21,252,186,66,2,0,23,55,51,78,0,21,0,Low
Project-157,Mobile Application,15,Junior,9,277,227,50,11,10,21,56,108,61,11,38,4,Medium
Project-158,Mobile Application,17,Junior,19,134,79,55,6,7,11,111,41,82,4,70,0,Medium
Project-159,Data Analytics,9,Mixed,6,150,49,101,9,7,0,39,22,104,3,73,1,Medium
Project-160,Data Analytics,12,Mixed,15,270,186,84,1,8,15,47,28,75,5,99,1,Low
Project-161,Machine Learning,19,Junior,3,59,27,32,2,6,5,90,102,97,3,13,3,Medium
Project-162,Data Analytics,7,Mixed,23,241,167,74,3,11,24,79,39,56,6,80,3,Medium
Project-163,Data Analytics,7,Mixed,24,293,172,121,13,1,18,65,79,99,2,58,5,Medium
Project-164,Enterprise Software,14,Senior,7,156,129,27,15,2,15,79,74,94,0,27,3,Medium
Project-165,Data Analytics,17,Senior,23,200,107,93,3,3,15,81,110,54,5,56,5,Medium
Project-166,Data Analytics,9,Mixed,17,100,98,2,2,12,10,104,100,90,4,28,1,Medium
Project-167,Mobile Application,7,Senior,6,88,48,40,15,4,3,104,109,43,6,48,1,Medium
Project-168,Web Application,6,Senior,23,213,146,67,11,8,30,118,43,75,4,39,3,Medium
Project-169,Machine Learning,9,Junior,15,159,155,4,15,5,30,111,89,83,8,54,3,High
Project-170,Machine Learning,20,Senior,22,235,106,129,10,6,5,49,101,71,7,84,3,Medium
Project-171,Enterprise Software,12,Senior,15,204,200,4,1,4,2,71,107,88,2,98,4,Low
Project-172,Web Application,11,Junior,22,235,125,110,8,6,21,67,100,63,12,70,1,Medium
Project-173,Mobile Application,13,Junior,23,216,137,79,5,5,1,99,93,44,1,31,0,Medium
Project-174,Mobile Application,4,Senior,20,164,131,33,11,7,14,74,57,99,10,19,2,Medium
Project-175,Web Application,9,Senior,5,253,54,199,7,4,14,120,33,66,12,49,1,Medium
Project-176,Mobile Application,19,Junior,4,83,52,31,3,2,5,73,71,62,8,59,2,Medium
Project-177,Enterprise Software,13,Junior,11,47,20,27,11,8,3,119,91,94,8,56,5,High
Project-178,Mobile Application,8,Senior,8,298,273,25,10,7,5,67,20,47,4,41,3,Medium
Project-179,Enterprise Software,6,Senior,15,285,252,33,8,11,10,80,35,40,12,30,5,Medium
Project-180,Mobile Application,6,Senior,24,167,35,132,8,2,0,102,44,59,1,35,5,Medium
Project-181,Enterprise Software,5,Junior,10,173,132,41,11,8,10,100,66,112,4,97,1,High
Project-182,Data Analytics,14,Mixed,17,195,167,28,13,0,20,69,71,73,8,60,1,Low
Project-183,Data Analytics,18,Mixed,18,147,84,63,14,10,2,67,103,55,1,75,2,Medium
Project-184,Web Application,3,Senior,24,167,119,48,3,9,24,81,57,54,4,66,4,Medium
Project-185,Machine Learning,16,Senior,18,78,65,13,11,12,14,116,25,62,10,100,1,Medium
Project-186,Machine Learning,10,Junior,20,69,58,11,10,3,16,59,59,53,9,96,5,Low
Project-187,Data Analytics,16,Senior,11,240,209,31,12,6,13,97,92,58,3,23,5,Medium
Project-188,Enterprise Software,6,Junior,10,200,115,85,8,10,20,93,97,80,3,77,3,Medium
Project-189,Web Application,16,Mixed,24,55,21,34,0,11,2,45,83,89,4,30,4,Medium
Project-190,Enterprise Software,5,Mixed,22,240,222,18,3,2,16,99,27,84,6,56,3,Medium
Project-191,Machine Learning,16,Senior,10,186,170,16,12,5,7,55,70,77,3,38,2,Medium
Project-192,Machine Learning,6,Mixed,14,106,76,30,1,7,1,89,20,111,6,47,5,Medium
Project-193,Web Application,20,Mixed,13,257,237,20,2,11,9,99,76,79,2,57,4,Medium
Project-194,Web Application,15,Mixed,18,229,198,31,3,11,0,73,104,88,9,63,5,Medium
Project-195,Web Application,7,Mixed,18,98,59,39,8,6,12,98,30,58,10,86,5,Medium
Project-196,Web Application,10,Mixed,13,111,102,9,4,12,11,95,52,84,9,78,0,Medium
Project-197,Enterprise Software,17,Junior,16,185,53,132,13,0,30,70,101,58,11,49,3,Medium
Project-198,Web Application,14,Junior,16,80,76,4,14,12,8,108,85,90,10,86,1,High
Project-199,Mobile Application,11,Mixed,4,123,87,36,4,1,28,72,22,55,7,11,0,Low
Project-200,Machine Learning,5,Mixed,24,252,213,39,14,8,22,58,57,67,4,63,2,Medium
Project-201,Machine Learning,5,Junior,10,161,108,53,11,1,2,101,47,83,8,72,2,Medium
Project-202,Data Analytics,6,Mixed,8,195,106,89,3,4,23,99,84,86,3,28,4,Medium
Project-203,Machine Learning,20,Mixed,12,165,111,54,0,5,4,42,53,87,3,65,3,Medium
Project-204,Web Application,6,Junior,19,106,102,4,3,9,26,80,83,90,1,15,2,Medium
Project-205,Enterprise Software,12,Senior,6,209,104,105,2,6,5,102,37,112,0,38,4,Medium
Project-206,Machine Learning,19,Mixed,17,107,105,2,8,0,12,68,105,92,10,96,2,Low
Project-207,Mobile Application,4,Mixed,20,289,71,218,13,11,20,78,30,107,2,10,3,High
Project-208,Enterprise Software,5,Junior,3,178,65,113,12,0,2,116,105,63,9,28,4,High
Project-209,Enterprise Software,10,Junior,18,140,88,52,2,10,20,45,73,84,11,30,5,Medium
Project-210,Machine Learning,7,Senior,21,85,19,66,5,0,18,53,45,87,11,61,5,Medium
Project-211,Mobile Application,6,Mixed,2,255,141,114,10,10,24,115,70,92,10,91,3,High
Project-212,Machine Learning,9,Senior,17,155,31,124,0,0,0,106,38,102,5,76,2,Medium
Project-213,Enterprise Software,17,Mixed,24,247,200,47,5,12,21,77,86,93,9,51,5,Medium
Project-214,Machine Learning,4,Mixed,4,223,138,85,13,2,18,42,45,110,6,76,0,Medium
Project-215,Web Application,7,Mixed,6,180,144,36,4,11,8,35,55,74,1,72,0,Low
Project-216,Machine Learning,8,Mixed,9,298,210,88,12,12,1,79,80,55,1,49,0,Medium
Project-217,Mobile Application,12,Junior,7,227,71,156,9,12,23,65,53,78,2,17,5,High
Project-218,Data Analytics,9,Mixed,2,272,102,170,12,4,18,87,38,96,8,95,0,High
Project-219,Mobile Application,12,Senior,23,91,64,27,1,1,27,87,43,118,5,39,3,Medium
Project-220,Data Analytics,10,Mixed,24,287,201,86,10,8,11,83,98,96,0,35,1,Medium
Project-221,Web Application,20,Mixed,7,196,185,11,8,0,10,53,28,66,1,53,3,Low
Project-222,Mobile Application,17,Senior,20,216,108,108,7,11,18,71,36,97,6,99,4,Medium
Project-223,Machine Learning,12,Junior,22,274,200,74,0,7,11,45,36,107,8,82,4,Medium
Project-224,Data Analytics,14,Senior,18,140,83,57,6,11,8,81,37,117,2,80,0,Medium
Project-225,Mobile Application,7,Senior,3,55,27,28,5,10,21,90,105,84,12,43,0,Medium
Project-226,Machine Learning,20,Mixed,7,188,140,48,5,5,0,55,32,96,0,63,1,Low
Project-227,Machine Learning,17,Senior,15,52,26,26,7,1,21,115,33,49,2,34,2,Medium
Project-228,Web Application,14,Mixed,12,267,62,205,9,5,0,118,47,55,0,67,3,Medium
Project-229,Enterprise Software,12,Senior,10,201,69,132,6,4,24,67,74,97,6,66,5,Medium
Project-230,Data Analytics,6,Mixed,5,150,111,39,15,10,7,106,64,98,3,76,4,Medium
Project-231,Enterprise Software,4,Mixed,14,118,29,89,11,9,3,43,24,95,3,59,2,High
Project-232,Machine Learning,11,Junior,13,238,74,164,9,8,9,79,102,50,12,62,3,High
Project-233,Machine Learning,13,Mixed,18,214,199,15,7,5,27,91,66,70,8,55,1,Medium
Project-234,Web Application,20,Junior,21,287,88,199,1,5,26,49,80,60,4,15,5,Medium
Project-235,Mobile Application,16,Mixed,14,262,61,201,13,5,28,42,63,72,0,84,4,Medium
Project-236,Data Analytics,14,Senior,17,107,102,5,15,7,26,96,95,50,4,98,1,Low
Project-237,Mobile Application,8,Junior,20,98,47,51,0,10,10,114,85,73,6,17,4,High
Project-238,Machine Learning,17,Junior,12,78,64,14,3,7,17,120,105,83,8,46,1,Medium
Project-239,Enterprise Software,12,Senior,22,255,215,40,7,1,22,106,67,61,4,36,0,Low
Project-240,Data Analytics,14,Mixed,11,267,115,152,7,6,26,68,20,71,8,80,0,Medium
Project-241,Machine Learning,5,Junior,8,130,54,76,0,1,12,118,72,107,0,10,1,Medium
Project-242,Enterprise Software,12,Senior,10,144,55,89,0,0,21,75,87,108,10,65,2,Medium
Project-243,Data Analytics,14,Senior,20,148,71,77,14,6,6,60,59,44,4,87,3,Medium
Project-244,Mobile Application,17,Mixed,14,260,105,155,15,2,15,80,47,107,9,24,2,High
Project-245,Web Application,5,Junior,9,228,178,50,12,7,23,38,86,73,8,58,4,Medium
Project-246,Enterprise Software,7,Mixed,22,208,41,167,8,11,21,104,76,49,7,16,5,High
Project-247,Enterprise Software,5,Senior,23,77,60,17,3,8,4,47,106,97,1,39,5,Medium
Project-248,Web Application,18,Senior,15,224,111,113,10,5,3,73,35,61,4,63,4,Medium
Project-249,Data Analytics,12,Mixed,3,294,180,114,0,10,9,120,36,107,3,34,2,High
Project-250,Enterprise Software,8,Senior,20,120,113,7,7,1,7,49,58,109,0,32,1,Medium
Project-251,Enterprise Software,19,Junior,10,112,53,59,5,3,19,37,100,102,0,85,4,Medium
Project-252,Web Application,19,Mixed,16,139,115,24,15,3,17,117,62,74,7,87,1,Low
Project-253,Mobile Application,6,Mixed,20,207,49,158,0,4,26,114,25,52,2,28,3,Medium
Project-254,Data Analytics,12,Senior,5,190,86,104,5,2,24,106,26,117,7,76,1,Medium
Project-255,Data Analytics,20,Junior,9,163,56,107,11,4,10,39,46,51,0,15,0,Medium
Project-256,Web Application,16,Mixed,2,89,48,41,2,5,4,100,66,78,3,42,4,Medium
Project-257,Data Analytics,20,Senior,10,96,20,76,13,12,9,51,85,45,9,78,3,Medium
Project-258,Web Application,7,Junior,21,258,158,100,6,10,2,44,108,74,1,33,1,Medium
Project-259,Mobile Application,13,Mixed,16,269,68,201,8,5,19,53,103,105,4,43,5,Medium
Project-260,Data Analytics,12,Mixed,17,272,168,104,10,11,1,63,87,104,2,35,0,Medium
Project-261,Enterprise Software,17,Junior,20,87,17,70,7,5,3,64,44,67,0,54,3,Medium
Project-262,Web Application,11,Mixed,2,177,91,86,12,9,5,82,57,56,9,36,5,Medium
Project-263,Data Analytics,17,Mixed,10,287,110,177,10,8,8,76,69,79,6,32,3,High
Project-264,Web Application,16,Mixed,17,242,137,105,2,9,0,109,35,87,6,19,1,High
Project-265,Data Analytics,6,Senior,14,213,110,103,5,0,22,42,70,120,8,15,2,Medium
Project-266,Web Application,3,Senior,10,95,78,17,1,12,25,94,59,75,1,46,3,Low
Project-267,Mobile Application,13,Mixed,14,299,200,99,6,12,10,88,107,107,11,88,0,Medium
Project-268,Data Analytics,16,Junior,2,141,46,95,15,12,4,108,40,110,2,56,3,High
Project-269,Data Analytics,6,Mixed,5,179,71,108,7,9,22,59,40,100,9,61,0,Medium
Project-270,Enterprise Software,6,Mixed,18,136,61,75,12,8,5,69,58,61,8,14,1,High
Project-271,Web Application,14,Senior,4,253,110,143,14,4,22,47,51,85,3,32,4,Medium
Project-272,Enterprise Software,4,Mixed,13,57,24,33,5,0,29,115,51,81,2,87,1,Low
Project-273,Machine Learning,6,Junior,11,67,30,37,6,6,14,53,34,67,7,81,2,Medium
Project-274,Web Application,17,Senior,2,58,43,15,7,9,0,63,69,52,5,10,1,Medium
Project-275,Enterprise Software,18,Mixed,8,167,164,3,0,6,12,103,45,88,2,16,1,Low
Project-276,Enterprise Software,3,Junior,18,210,53,157,12,2,14,63,51,65,11,25,0,Medium
Project-277,Machine Learning,11,Mixed,2,132,113,19,15,8,18,85,90,117,12,92,2,Medium
Project-278,Web Application,15,Mixed,12,220,116,104,8,7,17,85,67,105,7,31,5,High
Project-279,Web Application,10,Senior,21,88,22,66,1,12,12,113,39,103,12,76,2,Medium
Project-280,Data Analytics,6,Mixed,21,161,77,84,15,10,29,36,81,88,8,40,3,Medium
Project-281,Enterprise Software,17,Junior,5,175,94,81,9,4,15,79,81,78,9,90,2,Medium
Project-282,Data Analytics,14,Mixed,8,131,46,85,11,5,28,92,36,55,6,12,4,High
Project-283,Machine Learning,12,Mixed,23,101,32,69,9,12,12,45,73,55,7,68,0,Medium
Project-284,Data Analytics,4,Mixed,13,177,107,70,14,0,25,36,69,51,2,99,1,Low
Project-285,Web Application,8,Mixed,4,205,163,42,12,0,29,79,47,60,9,22,2,Medium
Project-286,Mobile Application,9,Senior,16,243,77,166,7,0,4,97,41,109,12,30,2,High
Project-287,Enterprise Software,16,Mixed,7,256,235,21,10,7,7,63,90,116,5,27,1,Medium
Project-288,Web Application,8,Junior,21,179,82,97,14,10,28,108,86,74,12,22,0,High
Project-289,Machine Learning,13,Mixed,20,125,26,99,13,7,17,83,51,94,10,67,2,High
Project-290,Enterprise Software,12,Mixed,5,100,71,29,2,10,1,108,80,82,8,29,2,High
Project-291,Data Analytics,16,Mixed,6,230,84,146,2,4,11,84,23,81,3,47,0,Medium
Project-292,Data Analytics,13,Senior,24,221,110,111,6,10,20,78,24,80,10,98,0,Medium
Project-293,Mobile Application,3,Mixed,5,232,79,153,11,5,21,81,100,85,1,29,1,Medium
Project-294,Data Analytics,13,Mixed,9,157,117,40,5,2,27,90,109,52,12,75,4,Low
Project-295,Mobile Application,6,Junior,12,189,144,45,12,7,25,64,100,94,10,16,4,High
Project-296,Data Analytics,11,Senior,21,273,205,68,14,6,24,42,98,59,11,62,3,Low
Project-297,Web Application,12,Senior,20,50,41,9,6,11,25,68,39,89,5,97,1,Low
Project-298,Enterprise Software,5,Senior,9,111,61,50,7,6,7,45,83,47,12,65,3,Medium
Project-299,Machine Learning,19,Mixed,14,75,27,48,5,3,30,116,83,77,7,96,5,Medium
Project-300,Data Analytics,16,Senior,6,231,153,78,7,7,2,78,79,101,6,26,0,Medium
Project-301,Mobile Application,12,Mixed,3,128,84,44,2,11,7,51,34,54,6,48,4,Low
Project-302,Web Application,10,Mixed,22,121,69,52,8,11,11,72,102,99,6,57,1,Medium
Project-303,Machine Learning,10,Junior,18,268,162,106,12,8,27,48,73,43,11,48,0,Medium
Project-304,Data Analytics,8,Junior,22,261,230,31,2,12,21,114,41,77,7,81,5,Medium
Project-305,Data Analytics,12,Mixed,13,216,169,47,12,4,29,86,108,80,4,93,5,Medium
Project-306,Enterprise Software,15,Senior,19,244,94,150,3,0,0,49,96,56,7,67,1,Low
Project-307,Enterprise Software,16,Mixed,16,226,151,75,4,0,27,95,35,41,5,91,0,Low
Project-308,Enterprise Software,20,Mixed,19,210,47,163,4,6,16,74,102,54,8,61,1,Medium
Project-309,Enterprise Software,3,Senior,10,221,220,1,11,2,10,114,28,71,11,87,0,Low
Project-310,Data Analytics,14,Mixed,9,81,41,40,10,6,10,51,51,79,6,65,5,Medium
Project-311,Mobile Application,8,Junior,20,239,196,43,2,2,10,83,40,105,7,92,3,Low
Project-312,Web Application,8,Mixed,7,67,58,9,6,4,18,102,105,88,10,45,1,Medium
Project-313,Machine Learning,19,Mixed,24,227,225,2,9,11,2,90,47,40,9,91,0,Medium
Project-314,Machine Learning,10,Senior,19,176,68,108,7,11,30,48,44,73,2,33,5,Medium
Project-315,Mobile Application,11,Senior,9,49,16,33,7,4,2,92,46,119,0,24,2,High
Project-316,Web Application,14,Mixed,3,179,165,14,6,6,15,35,108,105,2,30,0,Medium
Project-317,Web Application,3,Junior,16,289,89,200,14,8,20,39,89,86,6,77,2,Medium
Project-318,Enterprise Software,5,Mixed,24,231,212,19,1,9,24,86,91,114,12,73,4,Medium
Project-319,Enterprise Software,7,Junior,14,236,59,177,15,1,0,94,70,69,10,85,1,Medium
Project-320,Data Analytics,10,Mixed,23,259,255,4,8,6,30,92,104,95,1,40,3,Medium
Project-321,Machine Learning,3,Mixed,9,140,96,44,0,8,30,88,61,60,0,31,5,Medium
Project-322,Enterprise Software,18,Mixed,16,56,36,20,12,0,5,115,97,84,5,44,5,High
Project-323,Enterprise Software,17,Senior,14,280,117,163,7,2,27,40,88,97,0,32,0,Medium
Project-324,Mobile Application,17,Mixed,21,237,171,66,1,1,3,51,33,117,12,16,3,Medium
Project-325,Data Analytics,13,Junior,4,139,103,36,9,11,7,58,80,56,6,59,0,Medium
Project-326,Machine Learning,15,Mixed,15,278,119,159,7,10,15,50,81,43,12,99,3,Medium
Project-327,Mobile Application,5,Junior,16,210,86,124,6,12,1,42,90,96,2,39,1,Medium
Project-328,Mobile Application,20,Mixed,8,99,54,45,13,12,22,103,25,95,9,13,4,High
Project-329,Mobile Application,20,Junior,10,268,246,22,5,7,26,97,86,50,10,26,3,Medium
Project-330,Machine Learning,19,Mixed,6,253,216,37,2,5,0,118,41,50,12,12,0,Medium
Project-331,Machine Learning,16,Mixed,18,290,275,15,6,9,18,81,88,86,3,96,5,Medium
Project-332,Machine Learning,4,Junior,17,64,53,11,9,8,13,92,60,64,2,57,1,Medium
Project-333,Data Analytics,13,Junior,22,253,247,6,6,0,29,98,21,115,8,51,1,Medium
Project-334,Data Analytics,13,Mixed,20,57,50,7,10,9,15,40,76,86,9,85,3,Medium
Project-335,Machine Learning,9,Junior,16,111,102,9,14,6,13,97,31,52,10,26,4,Medium
Project-336,Machine Learning,10,Senior,17,157,73,84,11,4,29,57,35,53,9,80,4,Medium
Project-337,Machine Learning,7,Mixed,16,267,201,66,3,2,12,55,83,76,10,64,3,Medium
Project-338,Machine Learning,8,Mixed,3,263,195,68,4,5,3,64,64,58,6,43,4,Medium
Project-339,Enterprise Software,6,Senior,21,270,78,192,5,5,19,113,76,59,8,41,3,Medium
Project-340,Mobile Application,7,Junior,12,204,54,150,3,12,11,68,96,81,8,16,3,High
Project-341,Mobile Application,5,Mixed,20,134,76,58,1,10,19,44,21,105,11,97,0,Medium
Project-342,Enterprise Software,13,Mixed,12,43,29,14,14,1,11,115,94,104,11,62,1,Medium
Project-343,Mobile Application,12,Senior,13,58,17,41,7,1,10,109,86,51,2,36,0,Medium
Project-344,Mobile Application,19,Mixed,23,69,34,35,11,8,28,44,79,81,7,86,0,Medium
Project-345,Mobile Application,17,Junior,17,276,189,87,3,1,10,61,60,119,1,41,1,Low
Project-346,Mobile Application,14,Mixed,13,240,167,73,8,1,15,54,58,99,1,74,2,Low
Project-347,Machine Learning,4,Mixed,15,233,55,178,11,4,27,118,43,60,9,87,4,Medium
Project-348,Mobile Application,14,Junior,7,75,74,1,5,12,3,90,108,72,12,45,3,Medium
Project-349,Data Analytics,15,Mixed,6,188,132,56,13,6,30,112,89,51,0,96,5,Medium
Project-350,Machine Learning,19,Senior,16,83,59,24,12,10,19,112,98,82,0,40,2,Medium
Project-351,Machine Learning,16,Junior,24,290,249,41,4,8,28,104,44,61,1,54,4,Medium
Project-352,Data Analytics,10,Junior,21,135,46,89,14,5,23,109,48,93,9,25,2,High
Project-353,Data Analytics,3,Mixed,22,150,68,82,1,12,19,104,27,68,2,42,2,Medium
Project-354,Data Analytics,7,Mixed,13,251,190,61,8,6,3,53,110,84,10,22,4,Medium
Project-355,Web Application,17,Mixed,23,82,29,53,3,7,9,60,42,82,12,37,0,Medium
Project-356,Data Analytics,18,Junior,13,246,156,90,13,10,25,76,46,50,5,52,2,High
Project-357,Machine Learning,8,Mixed,2,271,172,99,3,5,14,41,30,100,3,34,3,Medium
Project-358,Machine Learning,13,Senior,6,85,66,19,15,8,12,88,76,43,10,58,5,Medium
Project-359,Data Analytics,11,Mixed,24,67,44,23,8,9,24,88,48,75,2,39,3,Medium
Project-360,Data Analytics,18,Junior,21,132,118,14,13,7,24,85,66,92,5,47,0,Medium
Project-361,Web Application,20,Junior,11,177,72,105,15,12,17,86,52,40,11,62,3,Medium
Project-362,Machine Learning,19,Mixed,23,257,95,162,6,1,8,95,54,47,12,33,2,Medium
Project-363,Mobile Application,13,Mixed,15,185,62,123,12,2,14,93,50,43,4,26,5,Medium
Project-364,Web Application,6,Junior,23,242,201,41,11,3,17,87,90,40,9,99,1,Medium
Project-365,Machine Learning,10,Senior,20,140,75,65,13,4,29,76,52,113,4,21,5,High
Project-366,Data Analytics,9,Senior,22,286,109,177,10,4,14,36,71,83,5,27,2,High
Project-367,Data Analytics,20,Mixed,6,225,124,101,10,9,10,102,101,107,0,97,5,Medium
Project-368,Machine Learning,8,Mixed,24,224,47,177,10,6,27,85,68,48,9,54,5,High
Project-369,Enterprise Software,12,Mixed,11,290,212,78,14,6,28,37,102,49,11,38,2,Medium
Project-370,Machine Learning,17,Senior,20,106,53,53,6,9,19,81,23,90,4,76,4,High
Project-371,Enterprise Software,5,Senior,15,54,44,10,1,8,21,58,63,40,9,89,5,Low
Project-372,Web Application,20,Junior,18,227,67,160,15,8,3,57,62,45,4,52,0,Medium
Project-373,Enterprise Software,13,Mixed,19,131,93,38,10,8,7,118,87,85,8,76,1,High
Project-374,Enterprise Software,15,Junior,21,157,108,49,1,1,9,79,66,102,11,86,1,Medium
Project-375,Web Application,13,Senior,8,65,58,7,5,12,11,99,70,82,6,95,5,Medium
Project-376,Mobile Application,14,Mixed,2,67,56,11,12,0,4,60,59,119,5,86,5,Medium
Project-377,Machine Learning,18,Mixed,4,212,64,148,11,6,22,120,104,65,7,94,0,Medium
Project-378,Web Application,8,Mixed,24,197,187,10,1,6,14,55,76,62,10,54,3,Low
Project-379,Data Analytics,17,Junior,11,174,143,31,3,10,5,43,76,70,4,99,4,Medium
Project-380,Web Application,7,Senior,18,67,40,27,8,9,17,75,25,114,8,47,5,High
Project-381,Data Analytics,16,Junior,4,264,72,192,1,0,19,69,81,40,3,34,4,Low
Project-382,Machine Learning,13,Mixed,17,265,185,80,6,2,24,50,73,112,0,51,2,Medium
Project-383,Mobile Application,18,Junior,24,73,40,33,12,5,20,104,67,78,9,19,5,High
Project-384,Machine Learning,20,Mixed,21,54,27,27,7,8,12,43,45,43,0,25,2,Medium
Project-385,Machine Learning,7,Mixed,21,118,86,32,1,12,12,38,61,113,12,17,2,High
Project-386,Web Application,13,Junior,11,203,121,82,11,4,9,107,71,110,1,65,3,High
Project-387,Enterprise Software,16,Mixed,6,262,197,65,1,3,11,89,100,41,8,22,1,Medium
Project-388,Machine Learning,12,Mixed,4,225,71,154,10,5,19,98,88,98,11,92,5,High
Project-389,Web Application,6,Senior,13,74,64,10,0,2,5,41,49,88,8,25,5,Medium
Project-390,Mobile Application,18,Senior,11,230,216,14,6,10,9,68,55,64,5,33,1,Medium
Project-391,Enterprise Software,19,Mixed,12,65,25,40,13,1,27,37,94,77,12,87,2,Medium
Project-392,Enterprise Software,9,Senior,9,218,208,10,15,5,26,105,28,40,12,72,5,Medium
Project-393,Data Analytics,5,Junior,9,46,35,11,10,5,6,78,106,80,10,84,1,Medium
Project-394,Web Application,20,Mixed,6,226,154,72,2,4,15,37,66,101,2,23,4,Medium
Project-395,Web Application,20,Mixed,15,118,114,4,14,1,3,42,98,42,12,97,4,Medium
Project-396,Machine Learning,19,Junior,3,118,57,61,8,12,1,116,90,70,12,34,5,High
Project-397,Data Analytics,4,Junior,15,128,86,42,12,3,20,95,41,74,4,25,1,Medium
Project-398,Web Application,13,Mixed,24,169,159,10,6,1,29,40,100,108,4,29,2,Medium
Project-399,Enterprise Software,10,Mixed,11,224,63,161,10,3,21,98,105,61,1,64,4,Medium
Project-400,Data Analytics,16,Senior,8,136,103,33,3,3,28,116,46,82,10,41,0,Medium
Project-401,Mobile Application,11,Mixed,7,126,100,26,7,7,16,47,75,57,5,86,0,Low
Project-402,Data Analytics,9,Senior,18,118,96,22,5,2,29,92,87,106,6,27,1,Medium
Project-403,Mobile Application,3,Senior,18,91,81,10,12,4,25,112,28,86,11,51,2,Medium
Project-404,Machine Learning,8,Senior,23,280,86,194,15,6,18,120,82,96,6,69,2,High
Project-405,Enterprise Software,13,Senior,20,81,23,58,14,1,22,51,57,53,6,98,5,Medium
Project-406,Data Analytics,14,Junior,19,237,62,175,2,0,26,55,72,55,11,70,5,Medium
Project-407,Machine Learning,3,Senior,12,226,205,21,11,4,6,113,53,85,12,77,5,Medium
Project-408,Data Analytics,4,Junior,18,179,149,30,15,8,19,35,73,97,5,92,1,Medium
Project-409,Enterprise Software,3,Junior,14,83,80,3,0,3,12,89,83,96,4,70,1,Medium
Project-410,Mobile Application,3,Mixed,7,158,91,67,12,9,2,113,86,68,1,50,0,High
Project-411,Data Analytics,20,Senior,10,40,25,15,3,5,6,44,90,69,3,30,5,Medium
Project-412,Web Application,3,Junior,16,209,136,73,11,7,15,75,51,54,10,37,0,Medium
Project-413,Data Analytics,20,Mixed,5,153,138,15,14,8,22,94,41,102,9,84,1,Medium
Project-414,Enterprise Software,18,Junior,7,80,21,59,7,7,0,51,107,96,1,71,0,Medium
Project-415,Web Application,19,Junior,17,133,48,85,10,4,20,52,74,68,7,83,4,Medium
Project-416,Mobile Application,12,Junior,6,84,38,46,8,0,28,38,101,59,7,56,2,Medium
Project-417,Web Application,15,Mixed,16,286,227,59,3,9,24,60,45,85,11,58,1,Medium
Project-418,Data Analytics,4,Senior,20,115,97,18,14,2,10,83,74,65,2,81,3,Low
Project-419,Enterprise Software,9,Mixed,5,228,181,47,0,0,24,44,99,55,9,81,4,Low
Project-420,Machine Learning,8,Mixed,17,110,87,23,10,9,25,112,90,72,9,54,3,High
Project-421,Data Analytics,6,Mixed,12,41,22,19,13,0,11,78,52,52,7,35,4,Medium
Project-422,Machine Learning,10,Junior,10,126,49,77,6,0,29,82,21,59,10,55,2,Medium
Project-423,Machine Learning,10,Senior,5,117,77,40,1,11,28,40,96,103,3,31,1,Medium
Project-424,Machine Learning,10,Mixed,17,58,27,31,10,4,10,82,26,98,4,20,2,Medium
Project-425,Enterprise Software,7,Junior,4,132,56,76,9,4,7,55,30,77,7,97,4,Medium
Project-426,Mobile Application,14,Junior,24,277,173,104,9,9,16,51,86,101,2,10,3,High
Project-427,Machine Learning,12,Junior,11,124,86,38,3,1,4,53,21,51,0,83,1,Low
Project-428,Enterprise Software,13,Mixed,13,41,25,16,10,11,20,44,104,47,3,85,4,Medium
Project-429,Mobile Application,14,Mixed,8,59,55,4,6,8,0,60,57,77,5,70,3,Medium
Project-430,Machine Learning,12,Senior,7,184,128,56,5,7,18,44,91,60,7,79,4,Low
Project-431,Web Application,20,Junior,21,113,68,45,3,9,9,60,44,114,6,66,3,Medium
Project-432,Enterprise Software,9,Mixed,22,297,121,176,0,4,1,118,54,90,1,27,5,High
Project-433,Enterprise Software,14,Junior,24,216,210,6,9,9,3,67,66,52,7,98,3,Low
Project-434,Data Analytics,20,Mixed,20,290,123,167,0,11,23,68,72,47,1,66,4,Medium
Project-435,Enterprise Software,5,Senior,13,147,142,5,12,4,21,110,21,46,9,99,3,Medium
Project-436,Machine Learning,11,Mixed,6,44,15,29,3,12,8,87,69,54,9,16,3,Medium
Project-437,Machine Learning,8,Mixed,12,147,101,46,4,6,28,119,110,79,12,32,2,High
Project-438,Enterprise Software,6,Senior,22,129,110,19,15,0,27,43,31,108,5,63,3,Medium
Project-439,Enterprise Software,4,Senior,14,142,135,7,15,9,13,109,61,77,3,62,0,Medium
Project-440,Web Application,10,Senior,20,113,25,88,14,5,14,39,102,93,2,19,3,Medium
Project-441,Machine Learning,20,Junior,5,254,127,127,3,4,2,43,80,92,1,52,2,Medium
Project-442,Web Application,4,Senior,5,294,163,131,14,11,9,114,95,108,1,10,1,Medium
Project-443,Data Analytics,5,Mixed,23,129,87,42,5,6,21,38,68,98,8,77,1,Low
Project-444,Data Analytics,13,Mixed,18,119,74,45,12,10,3,114,83,69,3,76,5,Medium
Project-445,Mobile Application,20,Mixed,18,115,73,42,7,3,30,78,50,97,6,62,3,Medium
Project-446,Machine Learning,18,Mixed,16,184,105,79,12,2,29,79,37,117,3,93,3,Medium
Project-447,Enterprise Software,14,Junior,13,156,72,84,1,1,4,89,29,81,8,86,4,Medium
Project-448,Mobile Application,12,Mixed,20,232,180,52,6,4,29,119,68,48,0,78,1,Low
Project-449,Machine Learning,10,Mixed,20,200,57,143,7,0,29,77,68,75,9,19,5,Medium
Project-450,Web Application,9,Mixed,22,131,123,8,7,6,19,54,73,64,11,14,4,Medium
Project-451,Web Application,3,Senior,4,266,70,196,2,8,30,89,103,91,11,94,5,Medium
Project-452,Enterprise Software,15,Mixed,10,250,185,65,5,9,9,93,39,112,0,36,1,Medium
Project-453,Machine Learning,19,Junior,19,285,179,106,0,6,3,74,64,43,5,34,4,Medium
Project-454,Machine Learning,6,Mixed,10,235,149,86,13,4,17,76,76,51,1,26,5,Medium
Project-455,Data Analytics,19,Senior,10,227,189,38,5,10,18,110,39,104,4,58,4,Medium
Project-456,Mobile Application,17,Junior,8,185,162,23,15,10,27,52,58,88,12,91,3,Medium
Project-457,Mobile Application,9,Mixed,7,240,94,146,14,2,2,116,24,53,11,39,3,High
Project-458,Machine Learning,14,Junior,15,189,78,111,15,3,28,72,74,107,7,98,0,Medium
Project-459,Web Application,14,Senior,13,217,44,173,11,11,6,52,85,113,11,26,3,High
Project-460,Web Application,9,Mixed,7,84,66,18,13,1,11,49,97,109,1,41,2,Medium
Project-461,Mobile Application,5,Junior,17,184,128,56,7,1,3,44,107,56,3,15,2,Medium
Project-462,Mobile Application,11,Junior,20,63,56,7,7,10,2,37,87,79,5,44,3,Medium
Project-463,Enterprise Software,6,Mixed,14,194,138,56,3,7,16,115,21,116,3,75,3,Medium
Project-464,Data Analytics,17,Junior,4,266,226,40,11,7,4,118,58,52,8,66,4,Medium
Project-465,Machine Learning,15,Senior,2,96,76,20,15,12,2,37,24,50,6,65,1,Low
Project-466,Machine Learning,4,Mixed,12,276,163,113,1,5,8,97,51,59,8,59,0,Medium
Project-467,Web Application,15,Senior,24,130,90,40,5,1,21,118,108,118,11,81,4,Medium
Project-468,Machine Learning,3,Mixed,16,172,39,133,5,5,20,71,83,49,9,57,3,Medium
Project-469,Web Application,18,Junior,4,137,123,14,13,12,8,114,78,108,6,62,4,High
Project-470,Enterprise Software,15,Junior,8,86,35,51,5,4,22,87,34,65,2,18,4,Medium
Project-471,Enterprise Software,9,Senior,4,103,70,33,10,0,5,92,94,66,0,30,5,Medium
Project-472,Mobile Application,6,Senior,19,162,116,46,2,2,30,62,20,64,10,93,2,Low
Project-473,Data Analytics,4,Senior,13,108,95,13,1,11,5,95,50,49,1,85,3,Low
Project-474,Enterprise Software,19,Mixed,17,216,212,4,4,9,28,119,109,65,7,14,5,High
Project-475,Data Analytics,18,Junior,6,298,266,32,14,12,23,114,74,60,1,63,2,Medium
Project-476,Mobile Application,8,Senior,12,136,87,49,15,5,20,106,82,103,7,29,1,High
Project-477,Mobile Application,18,Mixed,11,119,106,13,12,5,4,120,90,62,8,89,5,Medium
Project-478,Enterprise Software,3,Mixed,14,129,71,58,0,10,27,106,106,44,9,16,1,Medium
Project-479,Web Application,16,Mixed,10,168,44,124,9,3,24,88,86,45,12,67,5,Medium
Project-480,Mobile Application,20,Senior,13,189,150,39,6,7,15,118,84,104,0,10,4,Medium
Project-481,Enterprise Software,11,Junior,15,255,99,156,11,12,25,111,84,63,9,44,3,High
Project-482,Data Analytics,19,Mixed,16,288,138,150,0,9,18,102,62,108,2,22,1,Medium
Project-483,Mobile Application,4,Mixed,11,217,141,76,10,6,2,110,26,88,9,42,4,High
Project-484,Mobile Application,11,Mixed,5,156,149,7,11,12,0,94,75,74,5,45,0,Medium
Project-485,Web Application,18,Mixed,2,167,89,78,7,10,12,87,55,107,3,61,4,Medium
Project-486,Mobile Application,18,Mixed,23,105,77,28,15,11,6,81,58,68,5,99,4,Medium
Project-487,Machine Learning,11,Mixed,18,140,48,92,15,10,0,92,77,90,3,11,2,High
Project-488,Data Analytics,7,Senior,5,179,105,74,13,6,11,39,100,71,9,52,0,Medium
Project-489,Enterprise Software,12,Mixed,2,139,125,14,13,8,28,112,44,54,5,51,4,High
Project-490,Enterprise Software,6,Mixed,18,211,193,18,10,2,18,96,83,84,9,91,1,Medium
Project-491,Machine Learning,18,Senior,7,235,124,111,0,11,19,71,27,83,1,14,5,Medium
Project-492,Enterprise Software,11,Junior,2,165,101,64,1,11,28,37,109,96,12,39,0,Medium
Project-493,Mobile Application,5,Mixed,20,180,166,14,2,6,22,43,21,100,5,50,3,Medium
Project-494,Machine Learning,17,Senior,19,149,87,62,9,11,9,90,62,73,4,39,5,Medium
Project-495,Data Analytics,15,Junior,22,237,198,39,9,0,9,110,85,50,6,99,1,Low
Project-496,Machine Learning,10,Junior,13,220,85,135,1,10,30,64,27,96,8,29,0,Medium
Project-497,Enterprise Software,13,Senior,9,250,51,199,7,9,26,96,102,89,9,38,3,Medium
Project-498,Web Application,7,Mixed,16,55,46,9,9,11,7,39,88,88,9,14,5,High
Project-499,Enterprise Software,3,Mixed,2,274,208,66,4,9,15,111,58,72,9,57,0,Medium
Project-500,Mobile Application,19,Senior,19,205,41,164,1,10,8,106,93,56,6,71,4,Medium
Project-501,Mobile Application,9,Senior,15,90,27,63,6,7,17,47,104,49,4,64,2,Low
Project-502,Machine Learning,4,Senior,3,90,85,5,2,5,2,93,89,87,0,28,2,Medium
Project-503,Web Application,14,Mixed,12,160,123,37,4,0,26,97,48,51,12,50,1,Medium
Project-504,Enterprise Software,18,Senior,4,178,133,45,13,12,2,49,79,81,8,52,1,Medium
Project-505,Data Analytics,4,Mixed,3,205,181,24,7,9,28,101,97,64,0,62,2,Medium
Project-506,Mobile Application,20,Mixed,24,188,159,29,4,10,9,104,63,67,12,26,2,Medium
Project-507,Machine Learning,5,Senior,13,287,181,106,6,4,8,119,30,108,2,100,0,Medium
Project-508,Web Application,9,Mixed,6,154,149,5,14,10,22,36,46,41,6,30,1,Medium
Project-509,Machine Learning,15,Senior,21,294,251,43,3,1,24,36,51,65,5,50,0,Low
Project-510,Web Application,3,Junior,14,87,28,59,2,2,11,39,41,116,8,56,5,Medium
Project-511,Machine Learning,7,Mixed,23,200,61,139,1,3,27,50,95,116,12,48,0,Medium
Project-512,Machine Learning,11,Junior,24,217,151,66,10,1,14,70,82,108,5,89,0,Medium
Project-513,Mobile Application,19,Mixed,5,129,30,99,6,2,25,116,48,62,4,23,0,Medium
Project-514,Web Application,19,Mixed,12,225,141,84,3,2,20,90,96,62,0,27,0,Low
Project-515,Enterprise Software,19,Senior,7,159,93,66,3,8,3,108,93,50,10,25,1,Medium
Project-516,Enterprise Software,19,Junior,17,266,168,98,7,11,2,55,69,82,3,26,0,Medium
Project-517,Data Analytics,4,Junior,22,298,176,122,6,0,22,35,89,84,1,56,4,Medium
Project-518,Web Application,16,Mixed,8,294,228,66,7,10,30,63,36,53,7,45,1,Medium
Project-519,Data Analytics,20,Junior,6,176,127,49,15,7,19,88,105,69,4,72,2,Medium
Project-520,Web Application,18,Mixed,24,54,23,31,4,4,14,63,45,41,3,24,3,Medium
Project-521,Mobile Application,8,Mixed,20,233,66,167,12,10,4,52,74,89,5,83,2,Medium
Project-522,Data Analytics,13,Mixed,13,220,171,49,7,11,10,73,44,60,9,52,2,Medium
Project-523,Enterprise Software,14,Junior,24,180,163,17,11,7,8,69,40,97,1,81,2,Low
Project-524,Web Application,13,Junior,7,253,52,201,11,3,11,100,21,54,6,38,0,High
Project-525,Machine Learning,16,Junior,18,268,75,193,5,1,7,81,98,114,5,33,0,Medium
Project-526,Machine Learning,14,Junior,9,238,124,114,1,10,21,69,61,67,10,91,5,Medium
Project-527,Machine Learning,10,Mixed,14,139,113,26,0,1,29,106,82,86,9,66,4,Medium
Project-528,Machine Learning,9,Mixed,15,92,27,65,3,9,17,59,26,67,4,76,3,Medium
Project-529,Mobile Application,18,Mixed,9,228,84,144,1,9,18,92,28,87,2,91,0,Medium
Project-530,Mobile Application,16,Junior,20,78,26,52,15,10,7,108,82,107,2,28,3,High
Project-531,Data Analytics,17,Senior,17,61,19,42,8,1,10,82,21,115,5,15,2,Medium
Project-532,Machine Learning,4,Senior,3,264,229,35,11,6,7,94,25,58,10,10,2,Medium
Project-533,Web Application,10,Junior,18,96,25,71,8,7,22,69,90,118,4,63,3,Medium
Project-534,Web Application,5,Mixed,24,191,94,97,5,10,15,42,58,74,0,55,5,Medium
Project-535,Enterprise Software,10,Mixed,16,275,241,34,0,3,21,114,28,72,11,86,4,Medium
Project-536,Enterprise Software,7,Junior,20,160,78,82,3,8,14,80,27,49,8,76,2,Medium
Project-537,Mobile Application,19,Junior,12,157,64,93,4,9,13,90,20,95,5,13,4,High
Project-538,Machine Learning,5,Mixed,7,274,231,43,3,6,21,109,75,97,12,73,2,Medium
Project-539,Machine Learning,9,Junior,24,270,252,18,15,9,7,107,96,94,6,45,0,High
Project-540,Web Application,4,Mixed,19,182,60,122,14,0,19,76,31,112,6,81,5,Medium
Project-541,Web Application,15,Mixed,14,70,67,3,9,10,21,39,32,67,10,98,2,Medium
Project-542,Data Analytics,15,Mixed,24,125,33,92,0,3,26,67,100,81,11,36,3,Medium
Project-543,Enterprise Software,19,Mixed,19,59,57,2,15,2,23,42,57,77,4,99,3,Low
Project-544,Machine Learning,19,Junior,8,215,109,106,8,6,17,113,25,82,3,44,1,Medium
Project-545,Web Application,7,Senior,9,135,80,55,3,5,30,44,75,115,4,79,2,Medium
Project-546,Enterprise Software,11,Senior,17,85,65,20,7,10,19,85,97,78,4,59,1,Medium
Project-547,Web Application,14,Senior,8,152,34,118,6,7,6,95,22,77,3,43,0,Medium
Project-548,Machine Learning,19,Senior,4,84,52,32,10,10,16,97,106,71,9,20,5,High
Project-549,Data Analytics,11,Mixed,3,184,54,130,5,11,20,74,38,106,1,62,2,Medium
Project-550,Mobile Application,18,Senior,18,276,121,155,13,6,0,83,55,60,4,33,0,Medium
Project-551,Mobile Application,19,Senior,8,264,260,4,7,10,8,46,54,102,3,66,4,Medium
Project-552,Data Analytics,12,Senior,17,198,174,24,13,12,30,36,34,96,10,43,3,Medium
Project-553,Enterprise Software,4,Senior,8,116,107,9,4,11,27,53,90,47,12,75,0,Low
Project-554,Data Analytics,8,Junior,8,142,127,15,10,12,10,100,38,107,9,79,0,Medium
Project-555,Enterprise Software,9,Senior,2,166,122,44,5,1,9,45,84,116,4,93,0,Low
Project-556,Data Analytics,20,Junior,18,132,56,76,9,4,16,120,44,41,6,95,4,Medium
Project-557,Machine Learning,8,Mixed,14,157,79,78,8,9,22,73,103,72,7,90,4,Medium
Project-558,Machine Learning,10,Mixed,20,105,83,22,11,9,17,56,65,52,0,14,1,Medium
Project-559,Data Analytics,16,Mixed,16,154,136,18,13,2,15,97,97,51,11,53,4,Medium
Project-560,Web Application,10,Mixed,24,242,149,93,1,9,9,104,107,115,10,32,2,High
Project-561,Web Application,15,Junior,2,61,44,17,8,12,14,106,70,87,5,79,5,High
Project-562,Mobile Application,3,Senior,5,243,62,181,11,9,17,73,90,50,3,61,0,Medium
Project-563,Mobile Application,11,Mixed,10,167,114,53,12,8,9,94,21,54,2,52,5,Medium
Project-564,Data Analytics,17,Mixed,11,96,85,11,6,1,17,36,103,82,9,80,5,Medium
Project-565,Mobile Application,7,Mixed,3,296,250,46,4,3,28,55,107,107,11,31,3,Medium
Project-566,Web Application,3,Mixed,5,242,60,182,14,6,12,114,43,116,7,63,1,High
Project-567,Web Application,19,Senior,4,68,51,17,9,5,6,76,47,68,10,12,3,Medium
Project-568,Data Analytics,12,Junior,16,81,68,13,15,9,25,35,75,41,0,39,3,Medium
Project-569,Web Application,4,Senior,2,112,46,66,2,3,27,74,64,107,8,31,1,Medium
Project-570,Mobile Application,13,Junior,7,250,191,59,14,6,15,103,35,40,2,46,2,Medium
Project-571,Enterprise Software,19,Mixed,23,101,21,80,12,0,1,64,39,99,1,83,3,Medium
Project-572,Machine Learning,15,Senior,19,292,114,178,1,0,25,117,92,67,2,19,0,Low
Project-573,Enterprise Software,11,Junior,16,144,41,103,15,8,22,105,75,62,11,34,2,High
Project-574,Mobile Application,11,Mixed,18,264,86,178,5,4,30,75,81,97,3,45,4,Medium
Project-575,Mobile Application,6,Junior,5,247,81,166,15,2,7,76,48,49,9,48,1,Medium
Project-576,Enterprise Software,3,Mixed,21,177,145,32,1,11,13,82,52,100,9,63,3,Medium
Project-577,Enterprise Software,3,Mixed,16,280,113,167,6,12,10,51,32,53,10,37,1,Medium
Project-578,Enterprise Software,19,Mixed,11,47,21,26,10,1,4,104,49,56,10,29,0,Medium
Project-579,Enterprise Software,3,Junior,23,254,213,41,1,10,9,56,89,41,1,41,1,Low
Project-580,Web Application,10,Senior,14,54,32,22,7,9,13,103,38,77,10,20,4,High
Project-581,Machine Learning,20,Junior,11,193,118,75,13,2,30,76,87,100,12,79,5,High
Project-582,Mobile Application,17,Senior,18,218,46,172,14,12,10,114,49,64,7,84,1,Medium
Project-583,Web Application,12,Mixed,24,86,44,42,1,1,15,107,47,116,2,50,4,Medium
Project-584,Enterprise Software,4,Senior,10,151,53,98,15,5,7,62,56,104,8,83,3,Medium
Project-585,Mobile Application,17,Senior,7,84,73,11,2,1,10,75,86,68,1,29,5,Low
Project-586,Web Application,10,Junior,19,292,105,187,11,7,30,37,86,120,3,26,5,High
Project-587,Web Application,14,Senior,12,92,39,53,10,3,7,38,46,83,7,56,5,Medium
Project-588,Data Analytics,6,Mixed,10,43,30,13,12,9,5,111,58,97,2,97,2,Medium
Project-589,Enterprise Software,15,Mixed,22,105,62,43,5,12,25,107,33,54,0,26,5,High
Project-590,Enterprise Software,17,Junior,3,248,143,105,7,3,2,46,103,55,10,58,5,Medium
Project-591,Web Application,3,Senior,13,54,48,6,11,6,13,79,81,118,6,24,3,Medium
Project-592,Web Application,14,Mixed,21,127,29,98,1,5,19,67,91,64,8,66,4,Medium
Project-593,Enterprise Software,10,Junior,17,155,130,25,0,5,2,88,33,75,1,91,2,Low
Project-594,Web Application,9,Mixed,12,152,75,77,2,8,23,49,95,69,3,46,2,Low
Project-595,Mobile Application,11,Mixed,3,62,37,25,4,8,12,62,46,90,3,90,5,Medium
Project-596,Web Application,20,Senior,10,180,122,58,12,10,11,102,52,63,3,19,3,Medium
Project-597,Web Application,15,Mixed,13,229,94,135,11,4,30,118,44,51,4,34,2,Medium
Project-598,Mobile Application,5,Mixed,18,53,19,34,8,10,7,103,24,58,6,18,5,High
Project-599,Mobile Application,18,Senior,15,296,154,142,8,9,14,78,99,53,12,33,2,Medium
Project-600,Mobile Application,12,Junior,18,62,43,19,14,4,9,99,87,102,0,99,0,Medium
Project-601,Machine Learning,17,Mixed,3,191,128,63,10,10,21,49,29,80,10,69,0,Medium
Project-602,Machine Learning,3,Junior,13,177,119,58,13,12,17,81,57,109,7,85,4,High
Project-603,Machine Learning,12,Junior,16,70,41,29,8,9,9,73,47,69,4,76,1,Medium
Project-604,Enterprise Software,7,Senior,5,278,70,208,9,12,27,57,82,100,7,53,5,Medium
Project-605,Mobile Application,3,Junior,18,96,44,52,10,1,6,106,89,69,6,32,5,Medium
Project-606,Data Analytics,15,Mixed,8,225,215,10,0,4,30,86,53,74,7,15,5,Medium
Project-607,Enterprise Software,3,Mixed,20,264,103,161,4,5,1,98,98,117,2,24,5,High
Project-608,Web Application,7,Mixed,7,65,57,8,12,6,18,107,72,95,10,79,5,High
Project-609,Mobile Application,15,Senior,20,188,150,38,2,7,25,79,47,68,0,77,3,Low
Project-610,Enterprise Software,6,Junior,4,150,51,99,8,0,5,60,91,66,8,27,5,Medium
Project-611,Enterprise Software,18,Senior,24,235,71,164,2,7,5,117,75,86,9,19,5,High
Project-612,Web Application,11,Mixed,6,262,137,125,14,3,25,57,67,79,5,47,0,Medium
Project-613,Data Analytics,13,Junior,18,283,59,224,14,8,14,47,30,63,12,82,1,Medium
Project-614,Web Application,16,Mixed,12,247,63,184,6,11,9,107,78,70,11,69,0,Medium
Project-615,Mobile Application,17,Senior,15,238,161,77,7,10,4,73,82,118,9,74,3,Medium
Project-616,Web Application,3,Senior,15,113,58,55,0,3,23,55,32,48,10,84,5,Low
Project-617,Enterprise Software,7,Junior,19,167,80,87,4,9,3,66,83,110,9,57,1,Medium
Project-618,Web Application,15,Senior,16,77,18,59,12,10,27,67,60,69,8,58,0,Medium
Project-619,Web Application,14,Mixed,7,128,32,96,0,9,9,37,68,58,11,38,1,Medium
Project-620,Web Application,19,Mixed,5,100,91,9,11,11,19,84,22,82,8,59,3,Medium
Project-621,Mobile Application,7,Senior,16,178,87,91,5,7,28,98,99,104,7,97,0,Medium
Project-622,Machine Learning,19,Mixed,16,133,113,20,5,9,28,92,50,51,8,62,4,Medium
Project-623,Enterprise Software,12,Senior,5,286,276,10,10,3,3,88,73,56,12,84,5,Medium
Project-624,Web Application,8,Mixed,12,154,99,55,13,0,2,38,99,119,4,35,0,Medium
Project-625,Data Analytics,19,Senior,23,97,37,60,11,0,11,77,56,105,0,49,5,Medium
Project-626,Enterprise Software,11,Mixed,17,41,25,16,7,10,29,76,96,96,0,97,2,Medium
Project-627,Machine Learning,15,Mixed,10,93,31,62,1,12,22,36,69,114,0,87,2,Medium
Project-628,Enterprise Software,18,Senior,16,245,103,142,10,2,16,40,68,112,1,90,3,Medium
Project-629,Enterprise Software,13,Junior,5,298,291,7,6,8,16,73,109,107,6,54,3,Medium
Project-630,Enterprise Software,20,Senior,4,152,40,112,9,7,14,103,87,67,4,60,4,Medium
Project-631,Web Application,14,Mixed,16,223,170,53,0,2,20,92,78,40,2,76,4,Low
Project-632,Enterprise Software,3,Junior,5,280,86,194,10,0,21,82,22,62,3,30,4,Medium
Project-633,Enterprise Software,11,Mixed,7,127,75,52,12,6,27,101,84,100,5,28,5,High
Project-634,Web Application,16,Senior,2,94,81,13,6,0,0,63,88,109,8,55,0,Medium
Project-635,Machine Learning,12,Junior,10,116,64,52,1,3,1,83,47,52,0,78,2,Low
Project-636,Machine Learning,9,Junior,23,228,76,152,11,1,23,87,26,108,0,81,3,Medium
Project-637,Mobile Application,7,Junior,6,161,154,7,3,6,21,67,52,111,3,25,4,Medium
Project-638,Mobile Application,20,Senior,21,81,31,50,9,8,2,43,70,55,7,87,4,Medium
Project-639,Mobile Application,3,Mixed,10,180,97,83,15,4,18,81,41,114,0,41,4,High
Project-640,Machine Learning,10,Mixed,10,297,242,55,3,9,8,104,36,107,3,12,2,Medium
Project-641,Mobile Application,6,Senior,18,262,105,157,8,0,26,79,23,76,6,42,4,Medium
Project-642,Data Analytics,10,Junior,7,227,52,175,2,3,19,90,33,72,9,89,5,Medium
Project-643,Data Analytics,13,Senior,21,136,100,36,4,5,8,43,92,66,0,53,0,Low
Project-644,Mobile Application,3,Junior,7,44,34,10,1,0,17,99,102,93,12,17,2,Medium
Project-645,Web Application,7,Mixed,20,217,144,73,0,1,28,91,35,119,5,50,5,Medium
Project-646,Enterprise Software,18,Senior,7,189,74,115,3,12,15,110,36,103,10,98,4,High
Project-647,Machine Learning,11,Mixed,2,253,182,71,11,8,8,116,69,68,6,100,3,Medium
Project-648,Web Application,4,Senior,6,181,164,17,6,1,12,95,42,66,5,19,0,Low
Project-649,Web Application,4,Mixed,6,125,93,32,6,5,3,83,92,91,1,59,4,Medium
Project-650,Data Analytics,15,Senior,2,299,86,213,14,12,8,41,106,108,4,90,5,Medium
Project-651,Web Application,18,Mixed,11,246,199,47,15,12,14,106,62,75,9,19,0,High
Project-652,Enterprise Software,15,Mixed,9,170,57,113,3,2,14,101,49,114,10,69,5,Medium
Project-653,Enterprise Software,12,Mixed,20,298,200,98,14,0,8,114,55,116,0,14,4,High
Project-654,Data Analytics,16,Mixed,8,214,43,171,13,2,30,43,72,116,6,69,5,High
Project-655,Mobile Application,18,Junior,24,66,49,17,1,12,28,111,70,89,11,28,0,High
Project-656,Enterprise Software,4,Junior,17,222,119,103,6,2,10,94,27,107,10,81,0,Medium
Project-657,Mobile Application,18,Senior,22,129,47,82,11,7,13,58,63,95,9,60,1,Medium
Project-658,Mobile Application,14,Junior,11,288,160,128,3,8,30,72,52,81,12,55,5,Medium
Project-659,Enterprise Software,20,Senior,21,119,82,37,7,12,22,77,79,96,6,26,1,Medium
Project-660,Data Analytics,15,Mixed,23,68,60,8,12,4,25,69,93,110,2,54,4,Medium
Project-661,Mobile Application,8,Junior,13,79,34,45,6,2,13,120,32,60,0,28,4,High
Project-662,Web Application,6,Mixed,21,266,84,182,5,6,24,50,43,108,8,86,3,Medium
Project-663,Enterprise Software,20,Mixed,4,270,66,204,11,1,0,90,50,98,11,11,0,High
Project-664,Enterprise Software,13,Mixed,19,265,140,125,9,5,20,110,54,50,12,53,0,Medium
Project-665,Web Application,18,Junior,19,262,95,167,5,4,30,81,20,42,4,95,5,Medium
Project-666,Web Application,5,Mixed,4,82,46,36,14,12,18,88,35,57,6,54,3,Medium
Project-667,Mobile Application,11,Mixed,9,274,84,190,9,6,12,114,75,83,8,15,3,High
Project-668,Mobile Application,20,Mixed,10,174,118,56,15,10,6,75,59,42,0,75,5,Medium
Project-669,Mobile Application,18,Mixed,5,283,150,133,9,10,25,51,107,70,12,44,2,Medium
Project-670,Enterprise Software,18,Mixed,18,286,74,212,12,5,2,62,28,115,4,61,2,Medium
Project-671,Web Application,15,Mixed,2,282,126,156,15,8,22,81,99,95,5,20,2,High
Project-672,Web Application,9,Junior,10,65,19,46,10,12,19,105,31,71,5,29,2,High
Project-673,Machine Learning,5,Senior,22,150,41,109,3,3,4,113,25,72,6,28,4,Medium
Project-674,Enterprise Software,8,Senior,24,279,198,81,8,8,16,51,75,84,11,83,2,Medium
Project-675,Mobile Application,6,Junior,16,77,70,7,14,1,30,105,62,101,6,33,3,High
Project-676,Machine Learning,14,Junior,20,193,74,119,13,2,20,64,22,82,6,58,0,Medium
Project-677,Enterprise Software,11,Mixed,16,166,114,52,2,10,26,42,51,103,9,22,4,Medium
Project-678,Enterprise Software,10,Senior,10,188,78,110,1,1,8,100,22,119,2,77,0,Low
Project-679,Machine Learning,20,Mixed,18,193,54,139,6,7,19,82,39,41,7,40,2,Medium
Project-680,Web Application,16,Mixed,14,267,100,167,5,6,7,100,25,70,5,19,3,Medium
Project-681,Mobile Application,12,Junior,21,68,38,30,2,1,4,118,80,111,6,79,2,Medium
Project-682,Mobile Application,12,Senior,22,121,50,71,5,9,26,46,26,56,0,73,1,Low
Project-683,Mobile Application,17,Junior,2,101,85,16,14,2,0,106,95,64,8,41,3,High
Project-684,Enterprise Software,3,Mixed,9,235,167,68,5,11,6,57,87,91,3,56,2,Medium
Project-685,Enterprise Software,11,Junior,8,88,75,13,3,9,22,109,53,72,9,75,4,High
Project-686,Web Application,4,Mixed,11,81,47,34,6,10,16,94,28,75,8,89,3,Medium
Project-687,Web Application,8,Junior,5,285,253,32,15,3,29,40,45,114,7,12,3,Medium
Project-688,Enterprise Software,3,Junior,13,111,106,5,11,6,9,91,85,89,9,25,5,High
Project-689,Mobile Application,19,Mixed,5,58,45,13,8,11,18,50,73,64,1,32,4,Medium
Project-690,Data Analytics,9,Mixed,14,162,153,9,12,3,18,43,95,41,5,14,5,Medium
Project-691,Machine Learning,7,Mixed,10,132,83,49,9,9,28,95,70,49,5,71,0,Medium
Project-692,Mobile Application,8,Mixed,16,128,50,78,1,12,3,82,51,90,3,83,1,Medium
Project-693,Data Analytics,16,Senior,22,58,17,41,14,0,8,115,66,93,6,28,5,High
Project-694,Enterprise Software,3,Senior,19,158,112,46,5,0,7,85,104,64,6,73,0,Low
Project-695,Data Analytics,12,Mixed,2,159,62,97,12,12,25,44,50,99,5,26,1,High
Project-696,Mobile Application,19,Mixed,9,255,169,86,15,7,15,45,25,74,0,27,4,Medium
Project-697,Mobile Application,7,Senior,18,40,9,31,1,6,9,118,26,95,4,38,3,Medium
Project-698,Web Application,18,Mixed,17,250,112,138,11,4,9,95,77,93,1,16,4,High
Project-699,Web Application,5,Mixed,16,125,67,58,3,7,20,105,51,92,10,78,5,Medium
Project-700,Mobile Application,5,Mixed,19,223,48,175,12,5,14,103,22,76,4,12,2,High
Project-701,Machine Learning,20,Junior,5,193,54,139,0,7,6,91,27,95,10,67,3,High
Project-702,Machine Learning,12,Mixed,21,272,205,67,5,9,13,109,90,68,9,82,3,Medium
Project-703,Data Analytics,19,Mixed,2,174,156,18,6,5,17,45,95,100,9,51,4,Medium
Project-704,Enterprise Software,12,Mixed,5,131,35,96,4,12,27,46,59,93,1,59,0,Medium
Project-705,Mobile Application,11,Mixed,23,86,25,61,0,11,21,72,38,119,2,76,1,Medium
Project-706,Mobile Application,15,Senior,4,161,151,10,2,6,24,92,82,91,6,98,5,Low
Project-707,Enterprise Software,18,Mixed,22,79,45,34,13,5,4,48,61,89,12,13,2,Medium
Project-708,Mobile Application,13,Junior,14,258,57,201,9,4,0,65,66,45,11,81,1,Medium
Project-709,Enterprise Software,16,Senior,21,113,72,41,11,5,18,75,72,68,5,68,0,Low
Project-710,Web Application,18,Junior,7,252,192,60,11,5,8,115,33,110,5,60,0,High
Project-711,Machine Learning,17,Mixed,19,197,85,112,10,10,23,73,91,57,12,54,2,High
Project-712,Machine Learning,19,Mixed,23,211,160,51,12,8,11,85,26,45,7,28,2,Medium
Project-713,Data Analytics,11,Junior,5,207,115,92,7,4,20,88,61,84,12,99,5,High
Project-714,Enterprise Software,8,Junior,22,57,34,23,5,10,0,102,63,86,2,96,2,Medium
Project-715,Mobile Application,10,Mixed,17,170,85,85,3,11,25,104,77,79,2,14,4,Medium
Project-716,Enterprise Software,13,Junior,9,71,68,3,13,12,2,118,98,101,10,54,0,High
Project-717,Web Application,12,Junior,15,264,172,92,7,0,15,116,26,118,7,58,2,High
Project-718,Enterprise Software,11,Senior,16,224,80,144,7,0,15,42,106,84,7,63,5,Medium
Project-719,Enterprise Software,9,Mixed,16,154,32,122,0,11,17,50,31,59,12,73,2,Medium
Project-720,Mobile Application,3,Senior,8,68,13,55,12,11,8,58,34,75,12,100,3,Medium
Project-721,Enterprise Software,11,Junior,13,203,172,31,7,0,7,61,20,73,3,97,4,Low
Project-722,Web Application,11,Senior,20,134,56,78,9,5,28,93,25,68,0,69,5,Medium
Project-723,Web Application,20,Mixed,8,209,49,160,11,12,24,55,101,59,4,86,2,Medium
Project-724,Enterprise Software,7,Mixed,11,47,26,21,3,4,30,55,44,54,4,44,0,Medium
Project-725,Web Application,7,Mixed,16,131,40,91,3,4,19,68,95,63,3,78,5,Medium
Project-726,Data Analytics,10,Mixed,7,91,76,15,6,11,28,78,34,88,4,24,5,Medium
Project-727,Machine Learning,18,Junior,5,66,26,40,8,4,19,97,92,92,8,61,2,High
Project-728,Enterprise Software,12,Mixed,6,294,123,171,15,8,21,38,21,106,1,30,5,High
Project-729,Enterprise Software,20,Mixed,10,251,93,158,1,2,2,107,68,56,6,32,1,Medium
Project-730,Web Application,7,Mixed,4,250,79,171,5,3,23,65,64,98,12,84,4,Medium
Project-731,Web Application,19,Mixed,4,220,169,51,6,9,7,98,41,54,10,65,0,Medium
Project-732,Machine Learning,11,Mixed,22,168,110,58,2,7,5,46,45,66,12,24,5,Medium
Project-733,Enterprise Software,3,Senior,4,185,40,145,1,12,24,94,45,111,2,31,4,Medium
Project-734,Enterprise Software,16,Senior,4,182,165,17,9,10,23,111,23,52,8,66,0,Medium
Project-735,Enterprise Software,18,Junior,13,188,67,121,2,9,11,78,97,73,8,13,3,High
Project-736,Mobile Application,18,Senior,3,74,72,2,2,10,20,42,97,49,2,47,4,Medium
Project-737,Mobile Application,16,Junior,11,214,127,87,1,2,6,89,99,70,9,28,3,Medium
Project-738,Machine Learning,7,Senior,14,82,27,55,14,0,21,84,47,43,5,95,4,Medium
Project-739,Mobile Application,3,Mixed,9,169,35,134,9,5,16,101,90,111,3,85,2,Medium
Project-740,Machine Learning,11,Senior,7,253,202,51,12,10,14,120,59,99,1,57,4,High
Project-741,Mobile Application,10,Junior,13,204,187,17,3,0,23,55,21,70,11,39,3,Low
Project-742,Machine Learning,19,Junior,12,52,16,36,9,7,19,106,92,110,11,11,0,High
Project-743,Enterprise Software,17,Mixed,24,293,113,180,12,2,11,98,71,75,2,78,2,Medium
Project-744,Data Analytics,4,Mixed,23,93,82,11,3,5,23,97,44,87,6,56,5,Medium
Project-745,Machine Learning,13,Senior,2,204,61,143,13,8,16,81,104,98,5,95,3,High
Project-746,Enterprise Software,18,Senior,10,213,174,39,11,9,29,86,45,92,12,38,2,High
Project-747,Enterprise Software,12,Mixed,22,266,195,71,4,0,5,86,39,105,3,91,0,Low
Project-748,Enterprise Software,14,Mixed,13,142,141,1,13,7,23,54,33,44,8,49,1,Medium
Project-749,Enterprise Software,9,Mixed,15,117,81,36,0,11,19,70,26,71,2,48,4,Medium
Project-750,Mobile Application,18,Mixed,14,237,207,30,4,2,11,90,46,77,1,73,4,Low
Project-751,Enterprise Software,19,Mixed,14,164,147,17,15,3,17,39,38,81,1,41,4,Medium
Project-752,Enterprise Software,19,Mixed,24,184,138,46,11,7,22,71,38,102,11,55,0,Medium
Project-753,Data Analytics,10,Senior,15,53,45,8,7,2,27,63,106,57,2,86,3,Low
Project-754,Mobile Application,7,Senior,12,278,129,149,14,12,13,67,81,118,11,67,5,High
Project-755,Machine Learning,17,Mixed,5,134,117,17,11,6,19,43,82,111,0,96,4,Medium
Project-756,Machine Learning,4,Senior,5,123,60,63,15,10,13,64,48,47,11,50,5,Medium
Project-757,Mobile Application,4,Junior,15,173,64,109,7,0,24,95,31,52,2,53,0,Medium
Project-758,Data Analytics,7,Mixed,7,289,195,94,5,8,22,94,31,52,3,15,5,Medium
Project-759,Machine Learning,10,Junior,9,143,70,73,11,3,27,91,65,61,6,49,4,High
Project-760,Data Analytics,7,Senior,21,205,96,109,3,1,9,120,24,103,1,96,5,Medium
Project-761,Data Analytics,11,Mixed,22,128,93,35,4,8,22,72,41,88,3,24,0,Medium
Project-762,Enterprise Software,3,Mixed,5,291,225,66,6,7,27,79,92,119,9,20,3,High
Project-763,Data Analytics,14,Mixed,22,218,162,56,3,6,27,50,82,115,4,94,4,Medium
Project-764,Enterprise Software,7,Junior,13,100,75,25,14,1,5,51,39,112,10,78,0,Medium
Project-765,Web Application,3,Senior,15,226,156,70,13,2,22,44,70,58,2,96,3,Low
Project-766,Data Analytics,12,Senior,3,235,198,37,13,6,15,105,69,91,9,35,5,Medium
Project-767,Web Application,12,Mixed,17,285,249,36,12,11,9,99,49,47,4,31,1,Medium
Project-768,Machine Learning,11,Junior,22,65,39,26,9,6,10,88,97,79,6,24,0,Medium
Project-769,Mobile Application,8,Mixed,15,126,83,43,14,4,23,98,82,119,7,79,1,Medium
Project-770,Enterprise Software,14,Junior,10,248,198,50,4,10,21,98,43,110,1,57,3,High
Project-771,Web Application,15,Mixed,14,266,213,53,9,12,4,111,24,99,2,30,3,Medium
Project-772,Enterprise Software,12,Mixed,16,155,66,89,10,6,21,102,53,109,11,48,1,High
Project-773,Mobile Application,19,Senior,7,108,64,44,11,6,17,46,66,106,0,36,5,Medium
Project-774,Data Analytics,10,Mixed,16,297,153,144,13,0,6,79,51,104,5,86,2,Medium
Project-775,Data Analytics,19,Junior,6,227,139,88,3,9,13,62,62,65,6,57,4,Medium
Project-776,Mobile Application,10,Mixed,11,108,24,84,4,7,5,37,81,41,1,51,3,Medium
Project-777,Mobile Application,3,Mixed,13,164,155,9,4,8,16,71,53,112,5,27,5,Medium
Project-778,Web Application,5,Senior,18,146,69,77,12,4,3,41,24,63,11,71,2,Medium
Project-779,Enterprise Software,5,Mixed,16,175,36,139,2,0,8,65,45,120,7,43,0,Medium
Project-780,Data Analytics,15,Junior,14,296,252,44,14,3,3,97,71,49,11,15,2,Medium
Project-781,Machine Learning,18,Mixed,2,113,108,5,6,3,13,112,22,106,5,28,2,Medium
Project-782,Enterprise Software,12,Senior,14,151,68,83,2,2,5,74,73,83,9,77,0,Low
Project-783,Machine Learning,13,Senior,13,50,45,5,11,10,8,59,22,42,3,37,2,Low
Project-784,Data Analytics,10,Junior,12,194,145,49,15,1,12,120,54,86,5,37,4,High
Project-785,Mobile Application,16,Mixed,15,271,141,130,6,11,28,81,49,77,2,36,0,Medium
Project-786,Machine Learning,17,Mixed,11,159,134,25,15,2,10,82,24,108,9,23,1,Medium
Project-787,Enterprise Software,9,Mixed,24,95,44,51,3,7,16,70,89,119,12,47,4,High
Project-788,Web Application,18,Senior,5,43,36,7,9,3,17,47,65,72,4,89,5,Low
Project-789,Enterprise Software,8,Senior,17,75,62,13,4,10,26,106,81,65,1,21,5,Medium
Project-790,Data Analytics,6,Mixed,7,135,103,32,8,9,19,58,72,95,0,17,2,Medium
Project-791,Data Analytics,20,Mixed,17,44,23,21,10,5,16,114,89,46,1,23,5,High
Project-792,Web Application,13,Mixed,6,260,183,77,4,5,1,104,62,43,7,68,0,Low
Project-793,Data Analytics,18,Senior,5,168,77,91,5,2,15,109,109,94,0,99,3,Medium
Project-794,Mobile Application,11,Senior,13,189,166,23,0,9,26,73,102,64,5,94,3,Low
Project-795,Data Analytics,20,Mixed,15,92,76,16,15,11,15,73,59,81,7,86,3,Medium
Project-796,Mobile Application,14,Mixed,15,249,61,188,14,0,18,61,28,78,0,80,1,Medium
Project-797,Machine Learning,9,Senior,4,177,83,94,4,4,29,91,110,66,5,13,2,Medium
Project-798,Data Analytics,5,Mixed,18,177,37,140,13,0,20,87,106,115,8,63,0,Medium
Project-799,Web Application,19,Junior,17,42,34,8,13,5,5,79,90,44,7,80,1,Medium
Project-800,Web Application,15,Senior,22,98,68,30,15,9,19,68,24,99,6,52,0,Medium
Project-801,Data Analytics,19,Mixed,23,291,58,233,15,5,1,97,97,87,6,93,4,High
Project-802,Machine Learning,11,Mixed,19,220,70,150,8,3,7,74,105,61,10,69,4,Medium
Project-803,Mobile Application,19,Senior,19,273,199,74,3,0,3,102,109,43,0,18,5,Medium
Project-804,Enterprise Software,6,Mixed,14,62,28,34,4,7,15,96,79,119,4,89,2,Medium
Project-805,Web Application,20,Junior,16,191,62,129,8,12,15,69,73,120,6,25,4,High
Project-806,Machine Learning,17,Mixed,7,259,185,74,4,0,6,36,58,60,7,91,5,Low
Project-807,Machine Learning,19,Mixed,7,46,10,36,0,5,2,78,50,82,12,57,1,Medium
Project-808,Web Application,19,Junior,21,49,34,15,1,0,21,96,32,83,6,73,2,Medium
Project-809,Enterprise Software,15,Senior,3,96,75,21,9,3,12,63,54,114,0,84,0,Low
Project-810,Web Application,9,Junior,20,203,96,107,6,11,11,116,79,102,4,96,5,High
Project-811,Mobile Application,14,Senior,16,104,99,5,1,1,29,100,24,81,3,14,1,Low
Project-812,Mobile Application,17,Senior,18,198,79,119,13,10,11,67,45,79,0,68,1,Medium
Project-813,Data Analytics,4,Junior,13,189,145,44,14,0,29,44,77,101,4,89,5,Medium
Project-814,Web Application,13,Junior,19,99,34,65,5,3,21,58,59,113,1,49,5,Medium
Project-815,Web Application,8,Mixed,15,188,89,99,7,10,12,110,28,107,6,33,4,High
Project-816,Mobile Application,9,Mixed,6,90,35,55,6,9,7,79,107,67,6,36,0,Medium
Project-817,Web Application,7,Mixed,7,160,149,11,11,4,29,81,67,52,4,12,2,Medium
Project-818,Web Application,6,Mixed,20,103,77,26,14,1,10,79,106,113,2,78,2,Medium
Project-819,Enterprise Software,12,Mixed,19,56,41,15,1,11,22,40,85,60,6,44,0,Low
Project-820,Enterprise Software,7,Mixed,9,115,45,70,9,4,23,81,72,78,9,76,1,Medium
Project-821,Enterprise Software,11,Mixed,4,272,185,87,0,9,12,78,110,72,11,95,4,Medium
Project-822,Data Analytics,8,Mixed,14,60,32,28,1,11,29,61,90,59,1,32,4,Medium
Project-823,Machine Learning,16,Senior,14,42,23,19,1,2,0,58,54,53,2,22,1,Low
Project-824,Enterprise Software,5,Senior,5,203,59,144,0,7,14,67,26,91,7,20,2,Medium
Project-825,Machine Learning,19,Senior,15,57,21,36,0,5,7,92,32,89,4,15,4,Medium
Project-826,Machine Learning,9,Junior,12,53,16,37,9,1,15,39,91,108,9,97,0,Medium
Project-827,Machine Learning,6,Junior,4,102,58,44,13,4,5,53,37,119,6,52,4,Medium
Project-828,Data Analytics,10,Mixed,13,211,129,82,4,9,21,112,96,110,11,46,1,High
Project-829,Mobile Application,5,Senior,4,235,232,3,2,9,29,35,36,55,8,62,0,Low
Project-830,Web Application,14,Mixed,16,47,33,14,5,4,19,73,91,73,8,28,1,Medium
Project-831,Machine Learning,6,Mixed,13,148,35,113,1,3,8,70,46,111,0,26,0,Medium
Project-832,Machine Learning,15,Mixed,14,69,53,16,11,0,27,39,82,75,0,87,0,Low
Project-833,Machine Learning,20,Mixed,5,241,106,135,6,9,12,102,62,96,3,23,1,High
Project-834,Mobile Application,7,Mixed,13,192,109,83,3,9,3,113,93,55,2,38,3,Medium
Project-835,Mobile Application,14,Mixed,2,279,58,221,14,6,27,99,24,61,4,22,0,High
Project-836,Web Application,18,Senior,15,145,111,34,11,11,0,115,74,96,1,80,0,Medium
Project-837,Mobile Application,14,Mixed,16,118,69,49,13,1,7,104,52,45,3,99,5,Medium
Project-838,Web Application,7,Mixed,9,270,250,20,7,10,27,92,37,96,2,47,5,Medium
Project-839,Machine Learning,15,Mixed,12,233,153,80,7,1,5,120,88,87,7,60,4,Medium
Project-840,Machine Learning,9,Junior,24,100,36,64,7,1,26,62,101,119,3,25,4,Medium
Project-841,Enterprise Software,11,Junior,10,116,92,24,8,2,11,91,51,106,9,66,5,High
Project-842,Machine Learning,19,Junior,9,197,110,87,1,5,11,51,34,87,12,94,0,Low
Project-843,Enterprise Software,5,Mixed,3,150,112,38,15,3,11,67,52,62,11,96,1,Medium
Project-844,Web Application,15,Junior,17,84,62,22,11,12,23,58,32,59,7,62,3,Medium
Project-845,Mobile Application,20,Mixed,16,133,98,35,14,9,19,118,94,113,12,32,4,High
Project-846,Machine Learning,15,Senior,7,105,21,84,11,11,20,100,80,85,4,84,1,Medium
Project-847,Data Analytics,4,Senior,10,204,178,26,1,2,1,120,50,58,3,33,3,Medium
Project-848,Machine Learning,9,Senior,23,215,80,135,14,6,24,69,36,81,12,79,3,Medium
Project-849,Web Application,16,Senior,19,228,85,143,6,3,17,71,33,66,10,92,5,Low
Project-850,Web Application,14,Junior,12,61,47,14,7,10,1,45,50,50,7,65,5,Medium
Project-851,Enterprise Software,16,Mixed,9,270,250,20,7,6,1,50,32,115,10,31,0,Medium
Project-852,Web Application,4,Senior,2,259,94,165,4,0,19,64,27,77,12,90,3,Low
Project-853,Data Analytics,16,Mixed,9,82,57,25,7,12,2,73,70,43,8,89,4,Medium
Project-854,Data Analytics,7,Mixed,21,191,59,132,9,12,29,88,53,56,4,98,1,Medium
Project-855,Enterprise Software,20,Junior,16,212,153,59,5,3,12,54,85,86,6,28,4,Medium
Project-856,Mobile Application,8,Mixed,23,282,118,164,3,1,26,41,22,86,0,11,1,Low
Project-857,Machine Learning,17,Mixed,15,221,152,69,13,0,17,54,81,120,7,48,3,Medium
Project-858,Machine Learning,11,Senior,21,136,72,64,14,0,16,83,100,62,1,81,4,Medium
Project-859,Web Application,17,Mixed,10,202,92,110,0,0,12,53,106,54,10,87,1,Low
Project-860,Web Application,20,Mixed,22,66,65,1,15,6,21,90,32,95,1,87,5,Medium
Project-861,Machine Learning,9,Junior,10,80,18,62,3,8,29,118,65,95,7,16,1,High
Project-862,Enterprise Software,14,Mixed,21,117,107,10,1,10,23,59,71,107,4,27,4,Medium
Project-863,Machine Learning,10,Mixed,17,291,143,148,2,0,8,86,101,51,2,57,5,Low
Project-864,Web Application,17,Mixed,9,253,144,109,15,2,8,107,96,109,2,62,1,High
Project-865,Mobile Application,13,Mixed,9,154,81,73,9,11,16,41,58,107,2,60,3,Medium
Project-866,Web Application,11,Junior,22,104,22,82,7,3,15,119,62,92,4,94,2,Medium
Project-867,Data Analytics,20,Mixed,4,143,63,80,9,4,19,75,91,50,6,97,4,Medium
Project-868,Machine Learning,19,Mixed,9,261,241,20,6,12,5,118,52,68,1,88,1,Medium
Project-869,Enterprise Software,15,Senior,22,41,31,10,10,1,12,99,39,91,4,46,2,Medium
Project-870,Data Analytics,5,Senior,14,122,58,64,7,0,24,61,26,83,9,38,3,Medium
Project-871,Machine Learning,8,Mixed,10,241,199,42,12,8,1,119,43,83,9,69,0,Medium
Project-872,Data Analytics,13,Mixed,14,55,40,15,0,10,5,54,82,51,11,100,1,Low
Project-873,Enterprise Software,7,Mixed,21,273,186,87,5,11,15,92,98,94,0,35,3,Medium
Project-874,Enterprise Software,3,Junior,6,62,59,3,13,5,22,45,50,45,10,86,3,Medium
Project-875,Mobile Application,5,Senior,18,67,21,46,5,6,14,45,43,106,5,75,4,Medium
Project-876,Web Application,20,Junior,14,121,51,70,4,0,20,90,59,63,1,81,3,Low
Project-877,Web Application,15,Mixed,18,117,62,55,5,9,27,99,51,118,3,30,1,High
Project-878,Machine Learning,15,Junior,3,150,47,103,8,1,13,40,95,69,5,67,5,Medium
Project-879,Web Application,6,Senior,3,55,32,23,9,7,13,65,85,107,0,64,3,Medium
Project-880,Web Application,5,Mixed,23,159,39,120,2,7,0,67,97,77,9,66,3,Medium
Project-881,Machine Learning,8,Senior,22,131,127,4,5,8,30,49,22,82,2,23,1,Low
Project-882,Machine Learning,14,Junior,4,49,19,30,8,10,20,49,54,99,11,14,0,High
Project-883,Mobile Application,10,Senior,3,113,52,61,8,7,7,58,57,83,8,68,0,Medium
Project-884,Data Analytics,20,Mixed,23,82,56,26,14,8,14,54,96,104,3,77,3,Medium
Project-885,Enterprise Software,4,Mixed,24,246,175,71,5,2,6,72,54,113,4,47,4,Medium
Project-886,Data Analytics,13,Senior,5,44,19,25,10,12,15,59,97,50,12,43,5,High
Project-887,Data Analytics,9,Mixed,5,228,172,56,5,10,5,90,27,66,6,36,0,Medium
Project-888,Web Application,17,Senior,19,51,49,2,12,6,24,44,93,116,5,38,5,Medium
Project-889,Enterprise Software,11,Mixed,6,181,39,142,7,6,7,88,22,94,7,42,2,Medium
Project-890,Mobile Application,17,Senior,20,120,55,65,2,10,15,53,70,46,12,52,4,Medium
Project-891,Web Application,13,Junior,9,209,177,32,12,9,17,76,70,55,4,12,5,Medium
Project-892,Mobile Application,4,Mixed,9,98,81,17,3,2,21,91,42,99,8,97,4,Medium
Project-893,Enterprise Software,18,Junior,24,65,21,44,12,8,14,73,84,108,7,18,3,High
Project-894,Machine Learning,15,Mixed,9,173,171,2,3,10,20,98,49,42,11,100,4,Medium
Project-895,Enterprise Software,8,Mixed,7,182,94,88,12,5,27,55,36,57,8,46,3,Medium
Project-896,Machine Learning,13,Junior,18,240,221,19,2,4,22,43,102,94,3,28,5,Medium
Project-897,Data Analytics,9,Junior,24,66,50,16,0,11,30,84,39,79,2,67,5,Medium
Project-898,Enterprise Software,11,Mixed,10,230,125,105,15,5,15,66,85,53,10,47,1,Medium
Project-899,Enterprise Software,16,Mixed,15,275,83,192,3,0,11,105,27,112,1,26,3,Medium
Project-900,Enterprise Software,12,Junior,22,77,29,48,14,6,29,40,87,90,4,44,1,Medium
Project-901,Web Application,8,Junior,23,259,89,170,3,1,25,70,91,84,9,18,5,Medium
Project-902,Enterprise Software,20,Mixed,3,82,58,24,13,5,14,48,67,94,12,56,2,Medium
Project-903,Web Application,7,Mixed,21,224,211,13,3,3,17,69,87,117,6,99,3,Medium
Project-904,Mobile Application,19,Senior,23,103,60,43,7,4,15,103,21,93,10,40,0,Medium
Project-905,Data Analytics,3,Mixed,2,239,96,143,9,11,21,116,41,80,11,28,0,High
Project-906,Data Analytics,7,Mixed,8,162,73,89,8,6,27,86,79,91,9,33,1,Medium
Project-907,Mobile Application,16,Mixed,11,56,50,6,1,12,26,107,90,87,9,18,5,High
Project-908,Web Application,19,Junior,12,131,117,14,3,11,6,74,26,109,8,68,4,High
Project-909,Web Application,19,Junior,3,101,38,63,12,1,23,94,79,41,1,100,5,Medium
Project-910,Enterprise Software,14,Junior,24,256,78,178,3,1,2,35,36,110,4,28,5,Medium
Project-911,Data Analytics,19,Junior,19,269,83,186,8,9,23,112,33,117,8,13,1,High
Project-912,Mobile Application,3,Junior,21,113,46,67,7,1,28,61,59,104,0,77,0,Medium
Project-913,Mobile Application,13,Senior,20,178,56,122,0,4,12,96,110,47,7,92,5,Medium
Project-914,Machine Learning,9,Junior,22,288,117,171,9,9,9,63,99,104,0,39,1,Medium
Project-915,Enterprise Software,16,Mixed,22,252,132,120,7,12,16,53,90,120,0,46,0,Medium
Project-916,Mobile Application,4,Mixed,17,243,221,22,15,5,14,49,80,55,3,86,3,Low
Project-917,Mobile Application,5,Mixed,12,213,82,131,10,4,9,56,48,102,8,70,4,High
Project-918,Web Application,12,Mixed,23,142,30,112,4,0,21,87,89,71,10,19,1,Medium
Project-919,Machine Learning,14,Mixed,4,233,191,42,10,9,24,69,54,61,4,95,2,Medium
Project-920,Enterprise Software,10,Mixed,11,43,10,33,3,3,25,43,99,65,5,34,3,Medium
Project-921,Data Analytics,15,Senior,22,166,49,117,2,4,20,80,35,53,8,16,5,Medium
Project-922,Enterprise Software,17,Mixed,3,168,140,28,0,2,4,120,39,119,6,16,1,Medium
Project-923,Mobile Application,17,Junior,19,228,113,115,4,10,7,39,83,68,10,14,0,Medium
Project-924,Machine Learning,17,Mixed,23,201,114,87,11,8,23,51,93,57,12,87,1,Medium
Project-925,Mobile Application,18,Senior,8,49,38,11,2,2,12,78,89,53,3,27,4,Low
Project-926,Machine Learning,8,Mixed,4,211,169,42,7,3,0,100,32,101,9,70,4,Medium
Project-927,Mobile Application,18,Mixed,10,280,166,114,1,2,6,91,38,118,8,51,3,Medium
Project-928,Machine Learning,8,Mixed,10,147,105,42,4,4,28,109,74,114,12,23,3,Medium
Project-929,Mobile Application,14,Mixed,11,238,63,175,11,1,29,64,101,70,11,86,3,Low
Project-930,Mobile Application,5,Senior,2,269,103,166,3,12,19,89,86,47,7,68,4,Medium
Project-931,Mobile Application,8,Junior,11,75,16,59,9,4,13,43,94,114,0,11,2,High
Project-932,Mobile Application,5,Senior,12,70,23,47,11,8,19,59,94,40,10,78,1,Medium
Project-933,Mobile Application,6,Mixed,14,282,224,58,1,10,29,66,77,89,5,64,3,Medium
Project-934,Web Application,13,Junior,5,135,27,108,9,10,19,70,47,117,9,45,5,High
Project-935,Web Application,14,Mixed,9,223,51,172,10,9,24,59,88,109,4,100,0,High
Project-936,Machine Learning,11,Senior,9,204,82,122,5,10,18,91,100,58,10,88,1,Medium
Project-937,Data Analytics,5,Senior,12,187,73,114,5,1,24,113,29,60,6,38,1,Medium
Project-938,Mobile Application,6,Senior,4,92,60,32,0,8,0,104,26,58,11,72,0,Medium
Project-939,Data Analytics,15,Mixed,13,259,107,152,13,11,19,72,78,81,3,72,4,Medium
Project-940,Mobile Application,9,Mixed,13,204,103,101,14,7,0,52,64,72,4,91,1,Medium
Project-941,Machine Learning,3,Senior,6,73,56,17,14,6,16,56,34,54,1,34,4,Medium
Project-942,Mobile Application,19,Mixed,5,122,118,4,1,3,1,70,102,48,6,39,4,Low
Project-943,Machine Learning,5,Mixed,15,223,154,69,6,5,3,37,38,67,6,16,0,Medium
Project-944,Enterprise Software,16,Mixed,4,149,128,21,13,2,30,102,97,55,3,33,5,Medium
Project-945,Web Application,8,Mixed,4,179,117,62,12,7,11,91,35,60,11,60,4,Medium
Project-946,Data Analytics,13,Mixed,7,112,58,54,9,5,0,120,53,95,10,12,1,High
Project-947,Machine Learning,4,Mixed,11,126,102,24,6,11,16,64,97,76,6,58,1,Low
Project-948,Machine Learning,9,Senior,17,211,115,96,2,4,10,113,48,84,3,45,5,Medium
Project-949,Data Analytics,12,Mixed,23,181,45,136,4,2,15,113,77,54,0,97,3,Medium
Project-950,Mobile Application,12,Mixed,12,157,65,92,8,2,30,107,72,47,7,17,2,High
Project-951,Mobile Application,11,Mixed,13,171,119,52,0,11,5,81,94,44,1,33,1,Medium
Project-952,Machine Learning,15,Senior,2,125,123,2,4,5,26,90,108,67,5,62,3,Low
Project-953,Mobile Application,4,Mixed,24,152,82,70,4,1,7,37,36,100,1,99,5,Low
Project-954,Mobile Application,15,Senior,7,190,104,86,9,10,16,99,48,98,12,76,2,High
Project-955,Enterprise Software,13,Mixed,4,106,63,43,8,11,18,111,57,82,4,30,2,High
Project-956,Web Application,13,Mixed,22,248,228,20,6,4,0,66,27,108,2,17,0,Medium
Project-957,Machine Learning,17,Mixed,13,194,89,105,4,5,15,64,58,52,9,25,3,Medium
Project-958,Data Analytics,15,Mixed,4,246,97,149,6,1,13,85,65,59,5,70,1,Low
Project-959,Machine Learning,20,Junior,21,189,174,15,1,7,20,77,101,62,12,73,0,Low
Project-960,Web Application,9,Mixed,2,41,22,19,15,3,1,98,33,59,8,58,3,High
Project-961,Enterprise Software,10,Mixed,17,145,45,100,8,1,2,86,34,102,4,100,0,Medium
Project-962,Web Application,20,Junior,6,272,208,64,2,6,26,37,36,117,5,44,0,Medium
Project-963,Enterprise Software,6,Mixed,18,195,127,68,7,1,26,52,78,66,9,19,3,Medium
Project-964,Machine Learning,13,Mixed,2,234,128,106,8,4,28,88,56,104,9,58,3,High
Project-965,Data Analytics,10,Junior,24,118,97,21,6,7,29,92,101,43,10,31,2,High
Project-966,Data Analytics,17,Junior,15,156,48,108,7,1,15,72,29,81,4,35,3,Medium
Project-967,Machine Learning,19,Junior,4,155,138,17,1,1,26,51,29,57,5,92,1,Low
Project-968,Web Application,6,Mixed,3,134,132,2,13,5,22,49,45,42,6,29,4,Medium
Project-969,Web Application,9,Mixed,19,208,111,97,3,4,25,39,92,46,8,93,1,Medium
Project-970,Mobile Application,6,Junior,15,232,123,109,7,10,6,107,31,42,4,19,0,High
Project-971,Data Analytics,8,Senior,24,207,57,150,3,10,3,63,81,99,11,93,0,Medium
Project-972,Enterprise Software,20,Senior,2,285,259,26,14,1,15,54,56,103,10,95,2,Low
Project-973,Mobile Application,9,Mixed,4,238,126,112,2,12,17,63,93,71,6,48,0,Medium
Project-974,Machine Learning,10,Mixed,21,67,29,38,1,12,30,73,47,103,8,41,0,Medium
Project-975,Mobile Application,19,Mixed,14,49,18,31,15,10,25,101,60,118,11,86,1,High
Project-976,Enterprise Software,19,Mixed,7,52,44,8,14,3,27,49,94,95,3,61,2,Low
Project-977,Enterprise Software,20,Senior,12,177,84,93,13,12,18,67,37,117,5,73,4,Medium
Project-978,Web Application,13,Mixed,16,75,67,8,5,9,13,88,52,78,6,52,1,Medium
Project-979,Data Analytics,16,Mixed,8,110,34,76,6,4,16,79,35,70,1,59,0,Medium
Project-980,Mobile Application,10,Mixed,16,248,242,6,3,5,7,79,53,90,5,13,3,Medium
Project-981,Machine Learning,6,Junior,16,51,28,23,1,8,15,39,102,107,5,35,0,Medium
Project-982,Web Application,15,Mixed,17,94,58,36,4,1,30,118,91,60,8,28,4,Medium
Project-983,Machine Learning,13,Mixed,4,86,69,17,9,6,16,117,58,42,2,66,4,Medium
Project-984,Machine Learning,16,Mixed,8,206,159,47,2,1,14,86,33,102,12,45,2,Medium
Project-985,Enterprise Software,15,Mixed,16,108,97,11,3,10,17,76,49,54,5,64,4,Medium
Project-986,Web Application,13,Junior,14,194,137,57,2,5,30,37,49,60,2,15,3,Low
Project-987,Enterprise Software,5,Junior,8,157,36,121,1,6,7,67,82,64,3,33,1,Medium
Project-988,Enterprise Software,12,Senior,2,203,113,90,15,1,7,114,94,109,0,71,4,Medium
Project-989,Machine Learning,8,Senior,18,71,60,11,7,7,30,108,93,75,8,66,1,Medium
Project-990,Enterprise Software,17,Senior,5,89,21,68,0,9,26,49,79,70,4,69,2,Low
Project-991,Web Application,16,Senior,7,90,68,22,0,2,2,48,68,116,8,100,0,Low
Project-992,Web Application,18,Junior,15,285,127,158,0,2,1,74,108,105,1,99,0,Medium
Project-993,Machine Learning,8,Junior,10,142,79,63,9,8,4,50,56,115,7,35,3,Medium
Project-994,Enterprise Software,13,Senior,22,202,120,82,5,9,30,49,32,43,1,65,0,Low
Project-995,Mobile Application,6,Junior,15,201,105,96,8,12,0,89,85,76,3,85,1,Medium
Project-996,Enterprise Software,5,Junior,21,220,116,104,4,10,30,35,25,50,1,93,4,Medium
Project-997,Enterprise Software,20,Mixed,5,155,110,45,7,12,29,97,46,99,2,58,0,Medium
Project-998,Data Analytics,3,Junior,22,125,114,11,6,6,16,102,64,71,3,74,0,Medium
Project-999,Web Application,3,Senior,23,166,44,122,1,8,3,57,62,90,7,34,2,Medium
Project-1000,Mobile Application,17,Senior,12,182,176,6,1,2,7,44,24,87,4,35,5,Low
Project-1001,Enterprise Software,11,Senior,13,268,240,28,0,3,27,82,83,69,11,82,4,Low
Project-1002,Web Application,6,Senior,8,234,130,104,15,10,9,36,109,107,0,90,3,Medium
Project-1003,Enterprise Software,6,Mixed,20,109,105,4,6,11,15,86,27,94,1,86,0,Medium
Project-1004,Machine Learning,18,Mixed,17,205,137,68,15,6,22,119,32,76,9,80,5,High
Project-1005,Mobile Application,20,Mixed,19,206,163,43,6,6,4,99,65,57,12,34,1,Medium
Project-1006,Web Application,18,Mixed,20,123,27,96,5,8,30,42,51,84,9,61,1,Medium
Project-1007,Machine Learning,13,Senior,2,256,196,60,15,12,0,66,75,63,10,13,4,Medium
Project-1008,Enterprise Software,18,Mixed,6,97,67,30,8,6,11,93,20,54,0,90,3,Low
Project-1009,Web Application,14,Junior,5,174,51,123,8,6,0,67,103,43,0,43,2,Medium
Project-1010,Data Analytics,11,Mixed,14,170,99,71,10,11,6,60,94,63,10,19,4,High
Project-1011,Enterprise Software,14,Mixed,20,115,90,25,14,4,23,64,65,115,12,30,2,High
Project-1012,Enterprise Software,18,Mixed,19,147,42,105,4,11,22,68,80,92,8,71,3,Medium
Project-1013,Enterprise Software,12,Mixed,15,214,122,92,7,1,2,115,51,63,6,22,5,Medium
Project-1014,Enterprise Software,6,Mixed,14,198,180,18,9,5,11,66,110,91,3,49,2,Medium
Project-1015,Machine Learning,10,Mixed,19,132,28,104,13,2,20,68,22,107,5,14,1,Medium
Project-1016,Enterprise Software,4,Junior,6,194,86,108,3,10,20,78,107,88,4,83,0,Medium
Project-1017,Mobile Application,4,Senior,5,218,71,147,11,1,5,107,88,68,4,82,3,Medium
Project-1018,Machine Learning,10,Mixed,24,298,101,197,6,11,3,39,30,54,1,22,5,High
Project-1019,Mobile Application,9,Mixed,2,234,66,168,8,9,1,103,96,82,0,31,5,High
Project-1020,Mobile Application,20,Senior,2,274,99,175,6,10,12,36,33,77,7,72,1,Medium
Project-1021,Enterprise Software,14,Mixed,4,53,42,11,15,10,21,101,50,72,7,10,3,High
Project-1022,Enterprise Software,8,Mixed,13,51,44,7,15,6,1,41,53,71,4,48,2,Medium
Project-1023,Data Analytics,16,Junior,5,298,252,46,4,7,17,101,81,49,3,82,5,Medium
Project-1024,Data Analytics,3,Junior,7,65,24,41,2,1,2,107,70,57,10,21,2,Medium
Project-1025,Web Application,8,Mixed,23,154,61,93,8,2,22,46,107,101,1,82,4,Medium
Project-1026,Mobile Application,19,Mixed,24,63,16,47,12,11,18,67,40,113,4,55,4,High
Project-1027,Data Analytics,12,Senior,19,236,80,156,9,0,3,55,37,99,1,10,5,Medium
Project-1028,Data Analytics,17,Senior,5,101,44,57,4,9,0,118,73,86,3,48,5,High
Project-1029,Web Application,20,Junior,9,258,139,119,13,10,19,109,25,60,0,28,1,High
Project-1030,Machine Learning,13,Senior,22,191,109,82,1,5,3,91,29,105,7,47,2,Medium
Project-1031,Machine Learning,12,Senior,3,106,29,77,9,9,11,116,77,60,4,74,2,Medium
Project-1032,Web Application,19,Senior,10,199,149,50,7,4,6,41,46,47,8,37,1,Medium
Project-1033,Mobile Application,20,Mixed,19,170,67,103,13,12,3,47,35,119,5,14,3,High
Project-1034,Mobile Application,8,Junior,17,144,105,39,12,11,18,89,74,40,7,13,4,High
Project-1035,Data Analytics,7,Junior,20,168,128,40,0,6,19,75,42,44,6,66,1,Low
Project-1036,Web Application,19,Senior,5,204,67,137,15,12,25,42,59,44,11,90,4,Medium
Project-1037,Mobile Application,19,Mixed,4,282,250,32,9,12,13,84,66,40,8,47,5,Medium
Project-1038,Web Application,8,Junior,4,56,32,24,7,11,16,74,100,101,8,21,4,High
Project-1039,Data Analytics,6,Mixed,12,56,45,11,3,9,6,50,33,119,8,13,4,High
Project-1040,Web Application,9,Junior,9,234,192,42,6,4,12,64,52,87,5,63,5,Medium
Project-1041,Machine Learning,14,Mixed,16,113,62,51,3,3,28,110,84,104,9,27,1,Medium
Project-1042,Mobile Application,11,Senior,21,146,38,108,13,0,6,58,92,114,7,96,2,Medium
Project-1043,Data Analytics,6,Mixed,8,275,223,52,9,5,24,64,93,106,7,99,0,Medium
Project-1044,Mobile Application,14,Mixed,17,54,23,31,5,11,1,61,103,103,8,77,4,Medium
Project-1045,Mobile Application,10,Senior,8,69,34,35,15,4,2,57,80,113,4,32,1,Medium
Project-1046,Enterprise Software,4,Junior,24,263,66,197,15,2,22,116,72,91,1,63,3,Medium
Project-1047,Data Analytics,3,Junior,8,265,221,44,14,12,24,58,88,104,0,68,1,Medium
Project-1048,Data Analytics,7,Junior,10,281,203,78,0,2,21,91,61,110,3,11,2,Medium
Project-1049,Mobile Application,11,Mixed,12,144,57,87,3,8,7,49,107,102,7,100,4,Medium
Project-1050,Enterprise Software,5,Mixed,18,229,204,25,5,0,20,114,58,73,9,24,5,Medium
Project-1051,Web Application,3,Senior,5,187,139,48,0,9,18,77,68,64,9,85,0,Medium
Project-1052,Enterprise Software,14,Mixed,18,87,69,18,2,6,0,93,55,118,11,28,2,Medium
Project-1053,Enterprise Software,13,Junior,21,51,33,18,11,3,29,97,95,90,10,43,0,Medium
Project-1054,Mobile Application,15,Senior,7,49,27,22,0,6,25,45,43,110,1,30,3,Medium
Project-1055,Mobile Application,17,Mixed,16,271,266,5,13,5,4,100,95,43,6,22,0,Medium
Project-1056,Web Application,3,Senior,6,158,84,74,3,1,3,113,57,61,11,70,1,Medium
Project-1057,Machine Learning,6,Junior,16,101,54,47,2,12,14,39,75,70,5,44,5,Medium
Project-1058,Mobile Application,3,Junior,5,251,141,110,13,10,28,63,37,80,2,13,0,Medium
Project-1059,Data Analytics,17,Junior,9,246,212,34,5,1,15,36,55,59,2,39,1,Low
Project-1060,Mobile Application,7,Mixed,21,229,107,122,5,7,22,54,69,64,3,34,4,Medium
Project-1061,Machine Learning,17,Senior,12,243,84,159,14,1,21,50,74,82,12,47,4,Medium
Project-1062,Data Analytics,12,Mixed,6,288,126,162,14,6,10,112,42,119,1,94,3,Medium
Project-1063,Enterprise Software,17,Mixed,6,139,29,110,1,11,30,55,66,69,6,77,4,Medium
Project-1064,Enterprise Software,12,Mixed,14,267,177,90,4,7,30,79,98,84,6,68,4,Medium
Project-1065,Machine Learning,8,Mixed,6,236,175,61,7,3,22,106,79,112,4,70,3,High
Project-1066,Mobile Application,12,Mixed,10,50,21,29,2,1,5,95,106,92,0,12,2,Medium
Project-1067,Machine Learning,7,Senior,7,245,178,67,10,0,7,106,38,71,12,50,2,Medium
Project-1068,Enterprise Software,7,Junior,21,221,82,139,15,4,7,48,22,63,12,52,4,High
Project-1069,Mobile Application,20,Junior,8,151,87,64,15,6,23,94,52,42,5,13,3,High
Project-1070,Mobile Application,11,Mixed,18,136,129,7,5,3,26,77,22,47,5,98,3,Low
Project-1071,Web Application,10,Junior,21,60,19,41,8,11,11,60,28,59,7,45,1,Medium
Project-1072,Web Application,3,Mixed,6,269,115,154,9,10,12,118,62,76,9,34,4,High
Project-1073,Enterprise Software,11,Mixed,11,297,124,173,15,12,13,111,40,63,1,91,4,Medium
Project-1074,Machine Learning,3,Senior,19,202,176,26,8,12,30,44,71,73,2,76,5,Medium
Project-1075,Enterprise Software,13,Mixed,21,228,202,26,12,9,23,115,50,92,1,47,0,Medium
Project-1076,Machine Learning,4,Senior,7,287,232,55,4,4,25,95,54,87,6,24,4,Medium
Project-1077,Web Application,6,Senior,23,194,144,50,11,11,18,120,28,73,3,82,5,Medium
Project-1078,Machine Learning,10,Senior,20,288,82,206,9,7,0,108,37,74,10,59,2,High
Project-1079,Data Analytics,16,Mixed,16,181,128,53,14,12,9,115,70,68,0,24,1,Medium
Project-1080,Web Application,11,Junior,13,279,62,217,14,2,20,101,109,89,0,69,1,Medium
Project-1081,Data Analytics,5,Mixed,24,144,58,86,11,2,1,49,104,74,4,36,5,Medium
Project-1082,Enterprise Software,3,Junior,18,81,49,32,7,6,5,102,20,118,8,61,2,High
Project-1083,Enterprise Software,7,Senior,22,181,162,19,7,1,7,35,48,75,2,46,4,Low
Project-1084,Enterprise Software,14,Mixed,8,184,60,124,10,6,16,93,22,68,5,47,5,High
Project-1085,Enterprise Software,20,Junior,11,197,159,38,4,7,25,81,40,59,6,77,4,Medium
Project-1086,Web Application,17,Mixed,15,122,91,31,1,5,12,83,25,108,6,86,2,Medium
Project-1087,Web Application,15,Mixed,8,136,33,103,12,4,25,90,73,68,5,63,2,Medium
Project-1088,Enterprise Software,10,Mixed,24,70,36,34,12,4,2,70,24,85,3,58,5,Medium
Project-1089,Mobile Application,18,Junior,21,80,79,1,13,9,21,84,71,109,3,72,1,Medium
Project-1090,Machine Learning,15,Junior,14,134,72,62,3,2,27,101,97,57,10,60,4,Medium
Project-1091,Mobile Application,19,Mixed,10,235,75,160,15,7,16,35,26,92,1,21,5,Medium
Project-1092,Data Analytics,17,Mixed,18,298,142,156,5,5,14,105,62,120,6,27,5,High
Project-1093,Enterprise Software,10,Senior,9,60,40,20,6,10,13,61,92,96,0,42,1,Medium
Project-1094,Machine Learning,13,Mixed,2,251,183,68,14,1,17,114,23,111,1,98,3,Medium
Project-1095,Mobile Application,19,Junior,11,48,21,27,7,2,16,108,74,67,5,59,0,Medium
Project-1096,Data Analytics,17,Mixed,22,54,22,32,14,9,23,43,63,78,4,34,1,Medium
Project-1097,Mobile Application,10,Senior,17,115,49,66,15,9,8,96,109,99,2,47,5,High
Project-1098,Enterprise Software,17,Mixed,6,92,87,5,6,11,19,80,38,86,10,61,0,Medium
Project-1099,Machine Learning,20,Junior,23,95,61,34,5,11,9,106,76,86,11,34,5,High
Project-1100,Machine Learning,11,Senior,3,163,107,56,7,10,12,104,40,46,9,88,0,Medium
Project-1101,Machine Learning,8,Senior,17,220,48,172,15,4,17,54,65,41,6,96,5,Medium
Project-1102,Data Analytics,16,Mixed,16,216,130,86,5,12,13,119,64,45,5,74,4,Medium
Project-1103,Machine Learning,5,Mixed,3,250,152,98,5,10,7,59,34,77,6,61,1,Low
Project-1104,Web Application,17,Mixed,4,241,152,89,5,2,0,86,20,73,2,33,1,Medium
Project-1105,Machine Learning,15,Mixed,10,247,52,195,3,3,9,96,77,61,2,84,0,Low
Project-1106,Web Application,17,Junior,4,43,22,21,11,4,8,53,67,102,3,73,4,Medium
Project-1107,Mobile Application,20,Senior,15,249,98,151,10,11,17,98,53,104,6,83,4,Medium
Project-1108,Web Application,11,Junior,18,151,74,77,1,0,3,109,71,48,7,14,3,Medium
Project-1109,Web Application,17,Senior,7,209,151,58,4,9,28,101,73,61,9,92,3,Medium
Project-1110,Machine Learning,9,Junior,22,230,74,156,7,8,25,55,37,54,5,52,3,Medium
Project-1111,Enterprise Software,19,Mixed,18,267,111,156,14,1,1,101,91,91,6,85,1,Medium
Project-1112,Mobile Application,17,Mixed,15,170,47,123,11,5,5,83,42,117,3,86,2,Medium
Project-1113,Data Analytics,15,Junior,3,207,203,4,12,2,12,102,85,93,4,88,0,Medium
Project-1114,Mobile Application,3,Mixed,4,238,227,11,0,0,13,37,43,104,9,22,3,Low
Project-1115,Machine Learning,12,Senior,4,105,97,8,14,0,29,86,37,118,1,33,3,Medium
Project-1116,Enterprise Software,10,Mixed,3,108,78,30,5,3,5,53,91,52,0,15,5,Medium
Project-1117,Machine Learning,4,Senior,24,280,263,17,2,3,11,51,57,49,5,100,1,Low
Project-1118,Machine Learning,17,Junior,17,223,179,44,2,9,16,98,45,97,1,22,1,Medium
Project-1119,Data Analytics,15,Mixed,23,172,120,52,6,12,4,78,97,77,5,82,0,Medium
Project-1120,Enterprise Software,7,Senior,23,216,204,12,5,10,10,107,57,103,11,79,0,Medium
Project-1121,Machine Learning,17,Mixed,4,234,81,153,6,12,16,72,82,40,6,99,2,Medium
Project-1122,Data Analytics,16,Senior,10,80,56,24,9,5,17,68,71,80,2,15,1,Medium
Project-1123,Web Application,18,Mixed,9,49,40,9,9,8,27,58,38,107,7,76,1,Medium
Project-1124,Mobile Application,8,Mixed,11,69,15,54,9,1,7,51,48,89,11,58,0,Medium
Project-1125,Data Analytics,16,Junior,18,105,81,24,10,6,21,50,100,46,3,17,2,Medium
Project-1126,Mobile Application,8,Senior,16,259,61,198,1,7,30,43,27,58,2,81,1,Low
Project-1127,Machine Learning,8,Senior,20,179,177,2,13,11,17,66,92,86,7,72,1,Medium
Project-1128,Data Analytics,12,Mixed,14,160,111,49,4,3,13,48,27,87,12,33,2,Medium
Project-1129,Mobile Application,20,Senior,4,257,64,193,8,12,7,89,99,81,4,19,0,Medium
Project-1130,Web Application,18,Mixed,15,43,14,29,12,10,29,119,104,43,0,71,1,Medium
Project-1131,Mobile Application,11,Mixed,14,185,120,65,8,9,8,109,108,97,3,51,2,High
Project-1132,Data Analytics,11,Mixed,9,118,87,31,2,7,9,51,84,116,7,50,1,Medium
Project-1133,Enterprise Software,4,Senior,7,207,92,115,7,11,25,101,32,58,1,58,3,Medium
Project-1134,Mobile Application,15,Senior,22,198,60,138,13,3,4,41,37,95,10,100,1,Medium
Project-1135,Enterprise Software,20,Mixed,5,167,116,51,12,5,25,82,64,97,3,11,0,Medium
Project-1136,Web Application,10,Junior,10,233,198,35,10,4,16,98,53,57,9,83,5,Medium
Project-1137,Machine Learning,19,Mixed,21,284,223,61,14,6,6,98,52,51,12,85,2,Medium
Project-1138,Mobile Application,19,Mixed,8,51,50,1,14,11,3,70,84,86,0,48,5,Medium
Project-1139,Data Analytics,3,Senior,15,203,46,157,0,4,5,71,21,108,9,50,2,Medium
Project-1140,Enterprise Software,14,Mixed,5,98,87,11,4,9,12,36,109,54,8,19,5,Medium
Project-1141,Enterprise Software,10,Mixed,23,149,144,5,10,7,17,56,49,101,8,54,2,Medium
Project-1142,Mobile Application,7,Senior,7,71,57,14,6,4,17,112,34,65,4,53,3,Medium
Project-1143,Data Analytics,15,Mixed,8,109,23,86,15,7,19,74,27,74,4,87,4,Medium
Project-1144,Web Application,20,Mixed,17,299,115,184,11,10,12,65,44,113,7,74,4,High
Project-1145,Web Application,6,Mixed,3,106,88,18,14,2,17,104,97,106,0,53,5,High
Project-1146,Data Analytics,11,Senior,6,102,76,26,6,8,3,83,95,45,1,30,2,Medium
Project-1147,Web Application,10,Junior,3,149,140,9,1,10,27,73,63,75,2,100,4,Low
Project-1148,Enterprise Software,4,Senior,10,65,63,2,3,2,9,82,29,112,6,28,3,Medium
Project-1149,Machine Learning,15,Mixed,11,120,59,61,14,4,21,84,25,89,1,10,0,Medium
Project-1150,Mobile Application,13,Mixed,17,126,120,6,13,2,1,90,36,118,5,36,4,Medium
Project-1151,Enterprise Software,12,Junior,22,156,100,56,10,6,6,51,101,46,7,73,3,Medium
Project-1152,Data Analytics,14,Junior,20,90,55,35,6,11,26,110,59,106,1,57,3,High
Project-1153,Mobile Application,20,Senior,3,208,68,140,10,6,5,78,86,101,11,39,0,Medium
Project-1154,Machine Learning,8,Mixed,5,132,31,101,2,12,5,35,27,120,2,72,0,Medium
Project-1155,Enterprise Software,5,Junior,4,208,188,20,7,12,18,93,69,51,11,21,0,Medium
Project-1156,Web Application,9,Mixed,11,139,94,45,6,6,7,96,109,63,7,85,5,Medium
Project-1157,Data Analytics,18,Senior,5,251,166,85,15,9,10,39,30,68,12,88,5,Medium
Project-1158,Data Analytics,4,Junior,3,275,196,79,1,0,13,62,67,76,9,58,4,Low
Project-1159,Machine Learning,18,Mixed,12,46,18,28,12,3,13,76,93,98,11,35,0,Medium
Project-1160,Enterprise Software,10,Senior,8,176,47,129,0,1,11,120,65,97,11,23,0,Medium
Project-1161,Mobile Application,4,Senior,3,186,116,70,12,4,17,57,107,68,7,35,0,Low
Project-1162,Machine Learning,19,Senior,15,145,83,62,14,5,29,83,24,70,4,88,3,Medium
Project-1163,Enterprise Software,3,Mixed,7,190,153,37,1,6,21,107,66,69,10,56,3,Medium
Project-1164,Enterprise Software,11,Junior,7,231,149,82,10,3,17,116,77,88,4,57,4,High
Project-1165,Machine Learning,6,Mixed,6,165,116,49,8,7,24,95,65,90,2,90,5,Medium
Project-1166,Enterprise Software,6,Junior,16,197,62,135,10,1,22,95,56,52,0,80,1,Medium
Project-1167,Machine Learning,14,Mixed,12,137,57,80,2,5,0,77,61,89,11,10,2,Medium
Project-1168,Enterprise Software,3,Mixed,10,265,260,5,7,9,5,65,88,79,4,85,4,Medium
Project-1169,Web Application,6,Senior,4,179,70,109,10,1,12,51,91,71,3,60,0,Low
Project-1170,Data Analytics,5,Junior,23,185,78,107,15,6,0,61,20,98,0,19,3,Medium
Project-1171,Machine Learning,4,Junior,16,153,62,91,5,1,1,68,44,93,11,18,1,Medium
Project-1172,Enterprise Software,18,Mixed,11,215,44,171,15,2,29,50,50,97,11,13,1,Medium
Project-1173,Enterprise Software,20,Junior,5,48,34,14,15,11,20,98,85,98,2,37,3,High
Project-1174,Web Application,11,Senior,18,127,100,27,11,11,2,113,36,71,6,92,4,Medium
Project-1175,Enterprise Software,18,Mixed,16,204,136,68,9,8,20,89,60,59,0,49,2,Medium
Project-1176,Machine Learning,13,Senior,11,159,64,95,7,12,28,39,77,98,11,68,4,High
Project-1177,Enterprise Software,3,Mixed,12,148,37,111,0,10,25,74,105,99,2,53,5,Medium
Project-1178,Enterprise Software,12,Senior,13,251,187,64,9,12,16,96,110,64,3,89,0,Low
Project-1179,Data Analytics,18,Mixed,19,86,28,58,12,10,17,103,107,68,12,99,2,Medium
Project-1180,Web Application,10,Junior,2,229,152,77,12,6,19,83,88,77,3,26,5,Medium
Project-1181,Enterprise Software,18,Junior,23,178,84,94,14,1,28,44,72,87,4,37,5,Medium
Project-1182,Mobile Application,18,Junior,3,208,144,64,2,7,10,98,108,55,8,91,4,Medium
Project-1183,Enterprise Software,4,Junior,14,236,187,49,12,6,7,84,90,119,10,40,2,High
Project-1184,Machine Learning,3,Senior,9,165,43,122,4,8,20,76,42,114,0,29,0,Medium
Project-1185,Machine Learning,14,Mixed,11,235,169,66,5,10,4,103,101,74,10,95,1,Medium
Project-1186,Machine Learning,20,Senior,11,253,173,80,12,10,13,108,107,87,7,40,1,High
Project-1187,Web Application,9,Junior,16,245,178,67,12,2,20,72,70,54,3,76,3,Medium
Project-1188,Mobile Application,12,Mixed,23,289,78,211,10,1,22,74,97,116,8,85,2,Medium
Project-1189,Enterprise Software,15,Senior,2,292,238,54,9,8,22,112,30,110,7,35,5,Medium
Project-1190,Enterprise Software,7,Mixed,20,205,137,68,12,9,22,80,49,106,11,42,1,High
Project-1191,Enterprise Software,12,Junior,17,296,241,55,11,4,26,80,53,64,9,38,1,Medium
Project-1192,Data Analytics,11,Junior,16,43,11,32,3,0,22,71,81,47,8,46,4,Medium
Project-1193,Web Application,9,Junior,6,277,164,113,13,8,16,90,69,46,5,59,3,Medium
Project-1194,Data Analytics,9,Senior,19,127,43,84,6,0,21,74,72,83,1,88,4,Low
Project-1195,Web Application,17,Mixed,10,250,176,74,13,7,0,58,107,86,2,99,1,Medium
Project-1196,Machine Learning,8,Mixed,5,131,111,20,0,1,6,74,65,90,10,21,4,Low
Project-1197,Web Application,4,Mixed,17,297,128,169,15,9,2,102,25,44,1,12,1,Medium
Project-1198,Data Analytics,16,Mixed,12,67,36,31,7,5,5,51,41,84,5,83,4,Medium
Project-1199,Enterprise Software,8,Junior,12,151,84,67,14,3,22,70,59,120,4,13,5,Medium
Project-1200,Web Application,16,Mixed,9,137,104,33,13,5,15,114,57,63,3,15,3,Medium
Project-1201,Mobile Application,7,Mixed,12,247,179,68,4,9,23,90,50,96,2,33,1,Medium
Project-1202,Machine Learning,12,Senior,20,273,200,73,0,3,23,55,53,56,1,90,1,Low
Project-1203,Web Application,13,Junior,6,215,65,150,7,6,11,70,50,94,5,82,3,Medium
Project-1204,Enterprise Software,9,Mixed,21,43,19,24,5,8,29,44,26,75,2,97,3,Medium
Project-1205,Machine Learning,19,Junior,8,216,128,88,3,10,29,77,95,72,3,87,0,Medium
Project-1206,Enterprise Software,15,Junior,18,179,145,34,6,9,13,46,87,90,12,22,0,Medium
Project-1207,Mobile Application,13,Junior,10,186,95,91,10,5,13,37,102,59,8,84,4,Medium
Project-1208,Enterprise Software,19,Senior,15,226,203,23,2,2,1,75,41,66,4,50,2,Low
Project-1209,Mobile Application,17,Senior,11,226,137,89,12,6,6,38,34,115,5,82,2,Medium
Project-1210,Machine Learning,15,Senior,8,289,263,26,9,8,28,110,59,115,3,79,3,Medium
Project-1211,Mobile Application,15,Junior,9,279,161,118,3,0,15,41,110,116,2,26,1,Medium
Project-1212,Machine Learning,15,Junior,8,40,14,26,6,10,14,98,62,97,8,90,3,High
Project-1213,Data Analytics,9,Mixed,14,127,71,56,7,10,29,113,100,52,6,18,3,High
Project-1214,Data Analytics,17,Junior,2,263,211,52,9,0,4,101,68,89,9,62,2,Medium
Project-1215,Web Application,20,Junior,16,119,37,82,7,5,9,65,95,48,4,82,1,Medium
Project-1216,Data Analytics,6,Mixed,11,164,139,25,4,1,28,70,90,56,12,33,5,Medium
Project-1217,Mobile Application,20,Junior,24,160,145,15,2,5,13,89,57,72,3,17,1,Medium
Project-1218,Machine Learning,18,Senior,2,267,62,205,3,1,1,70,80,55,1,80,5,Low
Project-1219,Data Analytics,10,Senior,4,243,218,25,9,2,30,107,68,75,9,63,0,Medium
Project-1220,Data Analytics,7,Mixed,6,142,121,21,9,12,1,85,30,98,3,46,0,Medium
Project-1221,Web Application,10,Mixed,16,215,186,29,10,8,16,64,60,42,5,49,2,Medium
Project-1222,Machine Learning,9,Senior,14,147,138,9,12,3,15,73,87,100,11,90,0,Medium
Project-1223,Web Application,4,Senior,12,210,48,162,8,6,27,114,82,103,11,50,3,High
Project-1224,Enterprise Software,18,Junior,17,129,111,18,2,9,6,107,108,54,12,55,1,Medium
Project-1225,Enterprise Software,14,Mixed,20,205,130,75,12,7,15,100,73,78,11,48,2,High
Project-1226,Web Application,20,Junior,20,70,33,37,10,8,3,85,32,102,9,63,4,High
Project-1227,Mobile Application,10,Senior,20,71,42,29,0,5,26,57,66,51,4,75,4,Low
Project-1228,Machine Learning,16,Junior,23,137,34,103,13,12,17,50,104,44,6,38,4,High
Project-1229,Web Application,5,Junior,7,227,116,111,1,12,17,36,34,76,11,94,0,Medium
Project-1230,Mobile Application,17,Mixed,4,76,39,37,4,8,0,59,56,79,4,55,3,Medium
Project-1231,Mobile Application,11,Mixed,20,197,140,57,15,6,17,90,40,70,0,12,0,Medium
Project-1232,Web Application,9,Mixed,20,178,81,97,0,10,5,75,81,91,1,77,1,Medium
Project-1233,Web Application,13,Mixed,6,155,32,123,5,4,27,45,63,92,12,70,2,Medium
Project-1234,Machine Learning,13,Mixed,21,230,188,42,10,12,0,68,28,116,4,39,0,Medium
Project-1235,Enterprise Software,17,Mixed,15,293,125,168,5,1,15,80,78,109,7,33,2,Medium
Project-1236,Web Application,4,Senior,13,177,93,84,5,6,5,58,104,97,8,73,5,Medium
Project-1237,Mobile Application,14,Mixed,10,128,67,61,13,11,15,102,48,77,11,31,0,High
Project-1238,Data Analytics,20,Junior,23,178,126,52,4,5,3,51,70,53,9,66,4,Medium
Project-1239,Mobile Application,6,Mixed,9,131,97,34,14,7,19,93,40,104,12,33,5,High
Project-1240,Web Application,18,Junior,18,98,52,46,15,6,5,64,74,46,7,84,1,Medium
Project-1241,Machine Learning,15,Junior,13,229,103,126,2,11,28,65,96,115,2,70,1,Medium
Project-1242,Web Application,10,Mixed,10,246,86,160,12,4,21,110,32,78,6,23,0,High
Project-1243,Mobile Application,4,Mixed,23,177,169,8,4,4,6,47,99,69,4,41,0,Low
Project-1244,Machine Learning,10,Mixed,15,82,61,21,11,7,11,43,84,83,3,79,1,Low
Project-1245,Data Analytics,3,Mixed,7,122,62,60,1,9,27,102,84,119,12,67,1,Medium
Project-1246,Machine Learning,3,Senior,12,289,215,74,10,7,9,48,97,110,6,52,5,Medium
Project-1247,Machine Learning,4,Senior,15,101,85,16,2,4,7,112,80,110,6,59,5,Medium
Project-1248,Machine Learning,12,Mixed,10,141,67,74,0,0,24,96,39,114,9,53,2,Medium
Project-1249,Data Analytics,15,Mixed,11,201,199,2,12,0,10,39,82,68,9,25,0,Medium
Project-1250,Enterprise Software,16,Junior,24,133,85,48,1,4,28,43,85,96,6,16,5,Medium
Project-1251,Mobile Application,8,Mixed,18,276,200,76,9,9,3,78,27,94,2,73,2,Medium
Project-1252,Web Application,10,Mixed,16,167,102,65,15,9,24,57,96,86,0,66,5,Medium
Project-1253,Data Analytics,7,Senior,4,180,115,65,14,12,1,86,33,112,9,72,3,High
Project-1254,Web Application,16,Senior,3,56,32,24,3,12,17,37,56,63,7,44,1,Low
Project-1255,Machine Learning,15,Mixed,12,236,105,131,8,12,27,97,71,62,10,77,4,High
Project-1256,Web Application,9,Mixed,24,70,68,2,5,2,0,93,47,57,7,86,0,Low
Project-1257,Enterprise Software,15,Mixed,21,157,92,65,2,6,1,94,32,78,11,37,1,Medium
Project-1258,Machine Learning,6,Mixed,13,55,45,10,0,3,29,118,45,95,7,99,5,Low
Project-1259,Enterprise Software,19,Mixed,3,158,65,93,3,12,19,64,94,106,10,75,2,High
Project-1260,Web Application,18,Junior,17,172,144,28,5,12,12,50,86,98,10,73,1,Medium
Project-1261,Web Application,10,Mixed,23,44,26,18,13,6,8,115,54,79,5,57,4,High
Project-1262,Mobile Application,20,Junior,17,281,222,59,13,2,22,94,106,111,0,30,1,Medium
Project-1263,Machine Learning,9,Senior,20,59,31,28,9,11,23,59,44,43,3,18,1,Medium
Project-1264,Mobile Application,9,Junior,4,219,205,14,8,12,23,78,102,69,11,83,1,Medium
Project-1265,Enterprise Software,8,Mixed,23,139,48,91,6,7,1,68,67,72,3,39,4,Medium
Project-1266,Machine Learning,17,Mixed,19,182,72,110,0,3,28,91,96,76,6,17,5,Medium
Project-1267,Enterprise Software,16,Mixed,17,114,34,80,8,9,13,112,85,93,12,76,5,High
Project-1268,Machine Learning,18,Senior,20,103,30,73,14,5,19,98,52,120,4,78,1,High
Project-1269,Enterprise Software,14,Mixed,5,60,27,33,4,5,23,87,102,115,1,21,2,Medium
Project-1270,Web Application,7,Senior,24,106,49,57,10,9,20,118,84,56,12,17,5,High
Project-1271,Machine Learning,4,Mixed,13,52,39,13,14,6,21,55,73,102,10,77,0,Medium
Project-1272,Machine Learning,11,Senior,6,191,140,51,0,8,0,37,47,82,0,55,0,Low
Project-1273,Enterprise Software,8,Junior,13,241,179,62,7,11,21,50,32,101,10,96,5,Medium
Project-1274,Data Analytics,3,Junior,2,154,51,103,2,5,27,49,43,66,0,84,0,Medium
Project-1275,Web Application,11,Mixed,2,137,112,25,5,3,7,99,61,107,9,78,0,Medium
Project-1276,Enterprise Software,13,Junior,5,113,77,36,10,5,7,83,43,72,8,28,1,High
Project-1277,Data Analytics,5,Junior,4,125,93,32,8,6,1,35,26,59,10,15,3,Medium
Project-1278,Machine Learning,16,Mixed,9,107,33,74,2,6,1,35,77,40,5,16,4,Medium
Project-1279,Machine Learning,20,Senior,14,72,49,23,0,0,0,105,87,67,6,62,3,Low
Project-1280,Mobile Application,16,Mixed,3,127,116,11,8,4,8,59,27,57,3,57,3,Medium
Project-1281,Data Analytics,20,Mixed,19,95,46,49,5,5,25,119,80,54,10,41,3,Medium
Project-1282,Data Analytics,17,Junior,4,65,55,10,9,2,28,100,83,67,6,45,0,Medium
Project-1283,Data Analytics,8,Junior,18,125,117,8,5,12,4,108,93,48,4,86,1,Medium
Project-1284,Data Analytics,6,Mixed,18,219,155,64,2,6,6,67,91,71,6,17,5,Medium
Project-1285,Mobile Application,10,Mixed,8,116,84,32,14,10,25,48,94,41,1,70,3,Medium
Project-1286,Web Application,16,Mixed,9,223,85,138,11,5,30,52,45,76,5,50,1,Medium
Project-1287,Enterprise Software,14,Mixed,15,264,143,121,4,5,12,65,81,47,12,89,1,Low
Project-1288,Mobile Application,5,Junior,14,122,81,41,5,2,24,70,87,95,6,72,1,Medium
Project-1289,Mobile Application,18,Mixed,6,278,180,98,15,7,24,79,38,46,11,67,0,Medium
Project-1290,Mobile Application,18,Mixed,19,142,110,32,2,4,29,64,30,61,12,66,0,Low
Project-1291,Enterprise Software,6,Mixed,9,221,136,85,6,10,30,63,78,75,12,82,4,Medium
Project-1292,Data Analytics,14,Senior,21,280,69,211,4,7,9,65,55,49,9,29,4,Medium
Project-1293,Web Application,17,Senior,13,117,56,61,12,2,22,69,62,92,3,93,1,Low
Project-1294,Mobile Application,15,Mixed,16,55,11,44,12,2,1,40,52,118,6,72,4,Medium
Project-1295,Web Application,18,Senior,16,219,49,170,5,4,22,111,72,85,1,100,2,Medium
Project-1296,Web Application,5,Junior,6,101,73,28,4,9,15,97,44,83,8,39,5,High
Project-1297,Data Analytics,8,Junior,4,253,123,130,5,1,24,58,89,56,11,59,3,Medium
Project-1298,Web Application,12,Mixed,3,146,75,71,0,9,13,95,81,40,4,71,0,Low
Project-1299,Web Application,6,Senior,11,102,40,62,3,12,19,80,88,68,10,34,3,Medium
Project-1300,Web Application,3,Senior,21,279,263,16,15,1,1,114,48,55,2,71,2,Low
Project-1301,Web Application,6,Senior,20,128,49,79,7,10,24,62,26,75,9,45,2,Medium
Project-1302,Web Application,8,Junior,7,179,175,4,14,1,24,115,72,72,6,82,5,Medium
Project-1303,Mobile Application,8,Senior,17,255,146,109,11,6,7,60,57,74,6,77,2,Medium
Project-1304,Enterprise Software,17,Mixed,9,81,30,51,1,0,9,72,32,83,7,39,5,Medium
Project-1305,Web Application,14,Senior,11,96,43,53,11,6,23,70,76,40,7,12,5,Medium
Project-1306,Mobile Application,17,Mixed,15,218,113,105,12,2,17,82,98,118,8,19,2,High
Project-1307,Mobile Application,5,Junior,12,272,208,64,15,8,30,114,28,114,5,58,2,High
Project-1308,Machine Learning,10,Mixed,22,72,44,28,12,4,7,108,37,86,3,22,2,High
Project-1309,Mobile Application,11,Mixed,23,194,135,59,0,1,10,80,93,72,9,16,1,Medium
Project-1310,Data Analytics,9,Junior,11,60,38,22,13,7,23,117,22,94,3,15,0,High
Project-1311,Mobile Application,18,Mixed,20,69,52,17,3,11,1,93,95,83,7,13,3,Medium
Project-1312,Web Application,19,Senior,24,111,27,84,15,10,27,85,75,119,8,61,5,High
Project-1313,Machine Learning,8,Mixed,17,166,78,88,5,10,28,101,93,105,10,41,1,Medium
Project-1314,Mobile Application,3,Junior,16,262,194,68,3,3,27,74,84,83,6,66,4,Medium
Project-1315,Mobile Application,3,Mixed,24,204,49,155,9,9,5,78,93,93,0,60,3,Medium
Project-1316,Machine Learning,15,Junior,19,288,79,209,5,1,7,97,28,99,7,72,2,Medium
Project-1317,Web Application,15,Junior,21,101,51,50,7,12,30,79,72,102,0,66,5,Medium
Project-1318,Data Analytics,16,Senior,18,132,94,38,11,0,22,96,30,112,5,65,0,Medium
Project-1319,Web Application,17,Mixed,12,152,40,112,7,9,24,81,55,89,10,18,0,High
Project-1320,Data Analytics,20,Senior,18,267,102,165,1,2,27,120,89,86,6,57,0,Medium
Project-1321,Enterprise Software,13,Mixed,23,103,96,7,7,5,9,80,59,100,3,37,2,Medium
Project-1322,Enterprise Software,11,Mixed,3,271,90,181,6,12,0,53,98,72,9,74,3,Medium
Project-1323,Data Analytics,19,Senior,24,83,30,53,11,5,1,41,65,96,5,55,1,Medium
Project-1324,Data Analytics,16,Mixed,24,150,137,13,2,2,12,68,107,104,11,17,2,Low
Project-1325,Machine Learning,16,Mixed,19,200,73,127,8,12,21,70,104,95,3,26,1,High
Project-1326,Machine Learning,4,Mixed,16,208,60,148,15,10,11,35,21,66,1,60,1,Medium
Project-1327,Mobile Application,18,Senior,19,134,95,39,10,6,27,55,74,96,1,50,4,Medium
Project-1328,Mobile Application,19,Mixed,6,241,130,111,8,9,27,70,29,89,2,46,3,Medium
Project-1329,Data Analytics,15,Mixed,7,95,46,49,3,8,21,71,102,76,4,23,3,Medium
Project-1330,Machine Learning,14,Junior,11,40,32,8,15,11,15,38,60,99,1,72,4,Medium
Project-1331,Data Analytics,9,Mixed,7,250,104,146,8,2,0,39,84,47,6,52,1,Medium
Project-1332,Data Analytics,11,Mixed,5,212,91,121,5,7,23,52,44,87,3,93,5,Medium
Project-1333,Web Application,12,Mixed,11,283,211,72,5,0,8,43,43,78,10,17,0,Medium
Project-1334,Mobile Application,12,Mixed,17,122,82,40,10,5,5,66,58,87,12,68,2,Medium
Project-1335,Data Analytics,8,Junior,4,115,83,32,9,10,15,61,67,63,1,36,5,Medium
Project-1336,Web Application,4,Junior,17,93,88,5,7,0,5,53,105,82,10,17,4,Medium
Project-1337,Web Application,17,Junior,15,171,34,137,7,3,28,51,53,59,9,43,2,Medium
Project-1338,Data Analytics,16,Senior,10,110,64,46,0,2,14,80,55,65,9,43,5,Medium
Project-1339,Data Analytics,12,Mixed,16,89,71,18,1,12,30,96,33,113,3,24,5,High
Project-1340,Enterprise Software,11,Junior,16,255,68,187,15,3,10,42,86,58,8,76,3,Medium
Project-1341,Machine Learning,6,Mixed,17,222,63,159,13,9,23,51,67,109,6,23,2,High
Project-1342,Enterprise Software,7,Mixed,23,118,28,90,8,7,22,107,22,87,6,31,5,High
Project-1343,Mobile Application,18,Mixed,11,195,89,106,10,7,15,60,100,47,1,66,3,Medium
Project-1344,Data Analytics,5,Mixed,3,187,111,76,9,8,21,40,81,70,6,21,3,Medium
Project-1345,Web Application,14,Mixed,14,150,109,41,11,0,0,120,82,57,5,36,1,Medium
Project-1346,Web Application,4,Mixed,23,126,33,93,10,3,21,70,88,78,5,13,1,Medium
Project-1347,Web Application,10,Mixed,4,150,105,45,0,12,22,111,66,66,2,29,5,Medium
Project-1348,Enterprise Software,14,Mixed,24,272,182,90,13,10,9,99,68,97,12,87,0,Medium
Project-1349,Mobile Application,9,Mixed,5,250,73,177,8,7,12,78,102,80,9,60,1,Medium
Project-1350,Web Application,6,Junior,19,206,48,158,15,5,26,48,89,117,11,71,2,High
Project-1351,Mobile Application,14,Senior,17,175,45,130,12,3,16,53,36,104,10,38,5,Medium
Project-1352,Enterprise Software,4,Mixed,15,72,68,4,6,2,13,58,33,44,12,62,1,Low
Project-1353,Machine Learning,11,Junior,11,57,23,34,1,3,25,66,68,87,1,80,0,Low
Project-1354,Web Application,20,Senior,21,203,57,146,5,11,2,40,64,62,6,70,3,Low
Project-1355,Enterprise Software,15,Mixed,7,102,44,58,12,8,9,69,74,64,10,54,2,Medium
Project-1356,Machine Learning,12,Junior,18,104,101,3,4,3,24,62,35,60,12,51,5,Medium
Project-1357,Mobile Application,8,Mixed,14,284,272,12,14,11,20,67,47,42,1,35,5,Medium
Project-1358,Machine Learning,20,Senior,14,133,50,83,11,4,11,36,110,98,5,25,3,Medium
Project-1359,Enterprise Software,14,Mixed,6,204,177,27,5,5,16,72,36,76,6,58,4,Low
Project-1360,Enterprise Software,15,Mixed,23,230,86,144,4,5,28,48,35,42,8,56,4,Medium
Project-1361,Machine Learning,12,Junior,24,42,27,15,8,4,6,37,68,106,6,13,1,High
Project-1362,Enterprise Software,4,Junior,12,241,121,120,0,2,13,92,80,85,0,34,4,Medium
Project-1363,Web Application,16,Senior,7,206,58,148,15,9,7,90,25,106,1,59,5,High
Project-1364,Data Analytics,5,Mixed,23,278,70,208,15,7,3,82,68,73,3,16,1,Medium
Project-1365,Mobile Application,9,Junior,10,294,95,199,4,8,6,42,34,98,10,29,3,High
Project-1366,Mobile Application,8,Mixed,19,40,9,31,0,2,20,94,44,49,1,21,3,Medium
Project-1367,Web Application,10,Junior,11,100,64,36,1,2,1,104,50,62,11,63,2,Medium
Project-1368,Data Analytics,14,Senior,3,178,160,18,10,10,23,72,44,60,9,45,0,Medium
Project-1369,Mobile Application,16,Senior,6,119,51,68,4,12,17,40,72,71,11,51,5,Medium
Project-1370,Data Analytics,15,Mixed,21,183,123,60,12,7,22,99,48,69,7,41,1,Medium
Project-1371,Data Analytics,10,Mixed,11,94,23,71,15,7,3,118,80,101,3,90,0,Medium
Project-1372,Web Application,19,Junior,4,295,112,183,14,3,7,54,73,40,12,99,1,Medium
Project-1373,Mobile Application,19,Senior,15,198,141,57,7,0,13,68,36,60,2,67,5,Low
Project-1374,Web Application,13,Senior,10,186,64,122,4,1,11,38,62,66,2,14,5,Medium
Project-1375,Mobile Application,16,Mixed,24,83,42,41,9,10,8,45,85,66,5,67,1,Medium
Project-1376,Enterprise Software,10,Senior,14,259,110,149,6,3,27,92,36,112,11,95,2,Medium
Project-1377,Mobile Application,14,Senior,13,240,179,61,4,2,1,42,29,86,8,73,1,Low
Project-1378,Enterprise Software,11,Mixed,10,171,157,14,0,4,0,109,84,85,10,84,4,Medium
Project-1379,Mobile Application,17,Junior,21,129,88,41,9,2,2,75,104,96,5,81,2,Medium
Project-1380,Mobile Application,6,Junior,7,44,39,5,5,0,16,58,105,116,0,87,1,Low
Project-1381,Data Analytics,5,Senior,3,189,43,146,0,5,6,118,89,112,3,40,5,Medium
Project-1382,Machine Learning,7,Senior,19,224,99,125,4,4,7,120,105,61,3,24,0,Medium
Project-1383,Enterprise Software,15,Junior,23,188,52,136,4,1,16,102,26,79,7,52,0,Medium
Project-1384,Data Analytics,11,Mixed,21,56,38,18,9,5,2,64,83,92,2,46,1,Medium
Project-1385,Mobile Application,15,Mixed,7,242,219,23,13,12,29,78,104,108,5,11,4,High
Project-1386,Web Application,4,Senior,12,240,74,166,1,9,14,71,79,51,12,41,0,Medium
Project-1387,Mobile Application,3,Senior,12,265,119,146,13,1,28,54,58,62,8,53,4,Medium
Project-1388,Mobile Application,18,Mixed,6,96,67,29,11,2,16,96,104,65,2,59,2,Medium
Project-1389,Machine Learning,3,Junior,5,175,161,14,6,5,22,77,40,61,8,43,2,Medium
Project-1390,Mobile Application,3,Senior,6,107,50,57,15,4,23,120,84,118,7,77,5,High
Project-1391,Web Application,9,Mixed,21,155,100,55,14,0,1,83,41,68,2,90,3,Medium
Project-1392,Machine Learning,12,Mixed,19,294,257,37,6,11,16,64,31,88,1,55,2,Medium
Project-1393,Enterprise Software,3,Senior,17,74,18,56,4,3,7,85,45,101,12,35,4,Medium
Project-1394,Web Application,13,Mixed,6,105,100,5,1,9,24,78,33,108,10,65,1,Medium
Project-1395,Mobile Application,6,Junior,5,241,51,190,14,9,30,120,72,45,0,38,4,High
Project-1396,Machine Learning,6,Mixed,23,213,178,35,12,3,27,45,66,70,2,86,1,Low
Project-1397,Web Application,8,Junior,16,52,22,30,1,10,12,84,57,40,6,36,3,Medium
Project-1398,Web Application,19,Mixed,23,70,63,7,13,2,0,77,20,83,8,18,4,High
Project-1399,Mobile Application,11,Mixed,14,63,39,24,9,9,21,94,105,76,3,48,3,Medium
Project-1400,Mobile Application,15,Junior,7,91,84,7,15,10,5,36,74,54,3,78,2,Medium
Project-1401,Web Application,4,Mixed,11,155,46,109,2,11,4,37,24,67,11,87,2,Medium
Project-1402,Machine Learning,17,Mixed,15,67,34,33,6,1,23,40,77,107,6,76,0,Medium
Project-1403,Data Analytics,17,Mixed,13,77,17,60,12,3,9,60,67,53,3,68,3,Medium
Project-1404,Data Analytics,10,Junior,10,134,89,45,9,12,27,101,104,96,7,23,1,High
Project-1405,Mobile Application,13,Senior,22,213,53,160,3,3,30,54,30,104,11,27,3,Medium
Project-1406,Machine Learning,20,Mixed,4,77,31,46,5,7,7,120,84,52,6,97,4,Medium
Project-1407,Data Analytics,6,Mixed,13,98,69,29,11,5,13,92,50,80,7,44,5,Medium
Project-1408,Web Application,12,Junior,24,57,39,18,6,11,21,73,61,93,11,39,3,High
Project-1409,Enterprise Software,12,Junior,6,279,81,198,10,8,9,71,26,44,2,17,0,Medium
Project-1410,Machine Learning,4,Junior,12,135,27,108,14,5,0,80,107,82,7,31,2,High
Project-1411,Mobile Application,18,Junior,15,209,166,43,6,8,1,45,60,110,8,55,2,High
Project-1412,Mobile Application,8,Mixed,3,245,80,165,8,6,5,115,72,99,12,45,4,High
Project-1413,Web Application,18,Mixed,4,276,193,83,8,4,25,67,42,102,5,31,2,Medium
Project-1414,Mobile Application,19,Junior,12,241,149,92,5,7,0,115,76,83,3,79,1,Medium
Project-1415,Enterprise Software,11,Mixed,12,219,88,131,4,12,22,101,95,79,5,50,0,Medium
Project-1416,Machine Learning,6,Mixed,3,69,40,29,2,12,30,70,73,104,1,13,5,Medium
Project-1417,Data Analytics,12,Mixed,23,83,30,53,15,4,28,50,100,94,12,88,4,Medium
Project-1418,Enterprise Software,4,Mixed,8,82,30,52,2,10,2,116,70,95,10,33,1,High
Project-1419,Mobile Application,4,Senior,16,157,116,41,10,0,17,48,100,118,11,25,5,Medium
Project-1420,Mobile Application,18,Junior,8,210,207,3,6,1,3,95,94,59,10,88,5,Low
Project-1421,Mobile Application,20,Mixed,11,202,166,36,5,5,24,58,85,103,0,23,0,Medium
Project-1422,Machine Learning,11,Mixed,2,58,15,43,5,11,9,50,65,68,10,43,3,Medium
Project-1423,Data Analytics,11,Senior,8,235,90,145,0,10,21,70,42,102,9,69,4,Medium
Project-1424,Web Application,4,Mixed,10,291,220,71,11,12,12,61,74,120,4,61,4,Medium
Project-1425,Enterprise Software,12,Senior,19,297,295,2,12,10,3,81,108,114,1,21,4,Medium
Project-1426,Data Analytics,15,Senior,12,282,99,183,9,6,14,79,42,73,12,60,0,Medium
Project-1427,Enterprise Software,19,Mixed,10,87,39,48,12,1,9,35,69,58,1,68,3,Medium
Project-1428,Data Analytics,11,Mixed,3,290,208,82,9,7,19,37,42,56,6,35,2,Medium
Project-1429,Machine Learning,16,Mixed,10,202,178,24,11,3,19,82,80,63,9,67,5,Medium
Project-1430,Mobile Application,9,Junior,19,157,99,58,10,0,16,80,79,48,12,69,3,Medium
Project-1431,Data Analytics,10,Junior,21,97,89,8,4,11,8,83,102,56,5,53,2,Medium
Project-1432,Web Application,18,Mixed,3,67,15,52,3,3,25,113,81,43,8,82,2,Medium
Project-1433,Machine Learning,7,Junior,10,169,133,36,4,11,15,103,93,67,6,22,5,High
Project-1434,Web Application,19,Senior,18,97,73,24,0,8,1,48,36,70,9,79,0,Low
Project-1435,Enterprise Software,4,Mixed,18,95,80,15,10,6,6,119,38,62,6,56,2,Medium
Project-1436,Data Analytics,17,Junior,16,230,138,92,6,10,19,63,68,42,4,69,1,Medium
Project-1437,Mobile Application,9,Junior,6,86,53,33,9,5,16,118,39,47,1,58,5,Medium
Project-1438,Machine Learning,15,Mixed,9,212,102,110,8,0,21,79,80,60,7,80,4,Medium
Project-1439,Machine Learning,13,Junior,8,172,166,6,5,2,15,109,61,120,9,91,3,Medium
Project-1440,Mobile Application,5,Junior,4,240,79,161,14,6,1,107,21,73,10,46,5,High
Project-1441,Mobile Application,14,Junior,2,286,256,30,15,8,28,119,74,110,3,94,1,Medium
Project-1442,Web Application,4,Junior,8,245,64,181,4,3,30,49,54,113,6,75,3,Medium
Project-1443,Machine Learning,14,Mixed,20,42,35,7,15,1,23,93,110,112,12,23,2,Medium
Project-1444,Mobile Application,18,Junior,3,160,112,48,4,11,17,60,26,84,1,54,0,Medium
Project-1445,Machine Learning,20,Junior,18,195,170,25,15,7,9,57,67,91,1,24,2,Medium
Project-1446,Web Application,9,Junior,5,70,43,27,1,8,9,86,94,96,2,66,0,Medium
Project-1447,Machine Learning,9,Mixed,11,205,56,149,7,6,3,61,105,56,12,79,5,Medium
Project-1448,Mobile Application,6,Mixed,16,79,48,31,11,8,27,77,96,86,0,95,5,Medium
Project-1449,Data Analytics,10,Mixed,10,108,66,42,10,4,21,102,51,40,5,55,0,Medium
Project-1450,Mobile Application,11,Junior,15,264,57,207,9,7,6,95,63,101,8,53,1,High
Project-1451,Web Application,14,Mixed,15,276,133,143,3,6,0,96,76,115,4,85,4,Medium
Project-1452,Machine Learning,7,Senior,17,69,49,20,12,9,12,82,81,103,8,77,5,Medium
Project-1453,Machine Learning,7,Senior,4,76,56,20,11,2,16,116,101,79,1,82,4,Medium
Project-1454,Mobile Application,4,Junior,14,131,63,68,3,6,27,85,103,55,1,23,1,Medium
Project-1455,Mobile Application,13,Mixed,12,112,86,26,12,9,29,97,45,74,2,65,4,Medium
Project-1456,Machine Learning,3,Junior,7,291,133,158,10,3,19,97,99,102,4,97,5,High
Project-1457,Web Application,18,Senior,2,123,80,43,8,9,28,55,56,66,5,44,5,Medium
Project-1458,Machine Learning,18,Mixed,4,216,48,168,13,5,29,56,38,70,3,28,1,Medium
Project-1459,Data Analytics,10,Junior,16,179,135,44,6,0,25,118,29,58,1,39,5,Medium
Project-1460,Mobile Application,4,Mixed,4,140,58,82,10,9,0,77,74,110,5,15,4,High
Project-1461,Mobile Application,20,Mixed,7,297,106,191,5,3,22,88,34,45,11,44,2,Medium
Project-1462,Mobile Application,19,Mixed,22,280,134,146,6,4,25,97,35,45,9,61,1,Medium
Project-1463,Mobile Application,20,Junior,19,276,139,137,2,5,6,35,56,60,0,13,1,Low
Project-1464,Enterprise Software,16,Junior,13,46,36,10,6,2,17,60,50,101,9,76,3,Medium
Project-1465,Machine Learning,14,Mixed,16,69,46,23,13,4,2,96,94,102,1,49,4,Medium
Project-1466,Web Application,17,Junior,17,52,19,33,6,3,10,84,93,120,12,39,0,High
Project-1467,Mobile Application,5,Mixed,20,76,45,31,8,1,22,120,57,53,6,63,1,Medium
Project-1468,Enterprise Software,5,Junior,12,107,85,22,10,1,22,95,66,42,6,26,5,Medium
Project-1469,Data Analytics,18,Mixed,4,169,67,102,13,10,27,49,26,96,9,18,0,High
Project-1470,Web Application,14,Mixed,21,165,97,68,13,10,19,93,26,79,7,81,1,Medium
Project-1471,Mobile Application,20,Junior,17,198,81,117,6,9,16,96,96,89,12,90,3,High
Project-1472,Mobile Application,14,Mixed,14,133,32,101,5,9,10,72,89,103,4,16,5,High
Project-1473,Machine Learning,9,Mixed,2,101,64,37,1,11,6,88,86,49,12,68,2,Medium
Project-1474,Enterprise Software,4,Mixed,9,173,126,47,0,7,10,44,42,55,4,25,3,Medium
Project-1475,Enterprise Software,3,Junior,15,160,111,49,5,4,30,84,31,108,8,53,3,Medium
Project-1476,Data Analytics,3,Mixed,11,267,168,99,3,2,16,47,25,97,4,57,2,Medium
Project-1477,Enterprise Software,8,Mixed,2,261,118,143,0,10,2,94,85,88,3,43,4,Medium
Project-1478,Web Application,3,Senior,5,142,123,19,1,1,0,87,41,119,12,31,1,Medium
Project-1479,Machine Learning,8,Mixed,3,202,140,62,1,6,16,117,95,48,10,87,1,Medium
Project-1480,Machine Learning,18,Senior,3,184,130,54,7,3,5,110,108,71,2,97,1,Medium
Project-1481,Web Application,5,Senior,13,65,44,21,7,4,10,76,110,80,11,28,4,High
Project-1482,Enterprise Software,16,Mixed,19,113,28,85,11,2,7,80,74,77,1,18,4,Medium
Project-1483,Enterprise Software,4,Senior,8,129,29,100,10,11,19,104,27,58,2,33,0,Medium
Project-1484,Machine Learning,11,Mixed,17,121,99,22,15,3,22,120,58,72,7,70,4,Medium
Project-1485,Web Application,10,Senior,9,113,107,6,8,4,28,80,93,99,2,82,3,Low
Project-1486,Data Analytics,10,Mixed,22,269,123,146,13,5,28,90,29,85,12,84,0,Medium
Project-1487,Machine Learning,5,Mixed,15,91,42,49,5,2,0,49,103,73,1,42,0,Low
Project-1488,Mobile Application,6,Mixed,2,79,40,39,1,7,22,94,55,42,5,91,2,Medium
Project-1489,Enterprise Software,19,Mixed,15,224,154,70,13,9,23,49,63,51,7,89,0,Low
Project-1490,Enterprise Software,18,Mixed,21,69,47,22,1,4,10,47,68,89,11,55,1,Medium
Project-1491,Machine Learning,4,Mixed,11,130,117,13,1,8,3,75,78,99,0,90,0,Low
Project-1492,Machine Learning,10,Junior,2,54,26,28,15,11,12,56,62,71,12,47,1,Medium
Project-1493,Web Application,7,Mixed,2,258,164,94,6,1,30,40,85,116,9,61,2,Medium
Project-1494,Enterprise Software,4,Senior,23,218,135,83,15,8,9,39,33,63,2,77,3,Medium
Project-1495,Machine Learning,11,Senior,10,139,130,9,3,8,0,35,54,113,11,27,5,Medium
Project-1496,Mobile Application,20,Junior,16,239,92,147,1,8,15,119,34,101,4,54,5,High
Project-1497,Data Analytics,18,Mixed,10,83,31,52,8,4,6,67,23,65,3,25,4,Medium
Project-1498,Machine Learning,8,Senior,4,64,48,16,12,1,17,92,95,96,0,96,3,Medium
Project-1499,Enterprise Software,5,Junior,9,280,166,114,9,0,30,101,41,117,10,51,3,Medium
Project-1500,Enterprise Software,12,Senior,6,260,93,167,10,8,11,89,103,97,4,25,4,High
